#4e66b6,398
#ccabf0,246
#aedbf0,305
#7e44ea,452
#2e30e7,1015
#5cd6f4,645
#6f8b72,183
#564500,105
#da239b,593
#9b2ba1,471
#b43ddf,529
#5e60bf,331
#6ccd7f,378
#020015,138
#4cff2a,892
#0f1f5f,323
#00caef,666
#60d11c,966
#9b5942,155
#d37a41,207
#00cdd3,751
#315eea,672
#874e57,132
#d4c95c,232
#4e9257,300
#821f48,247
#2b72e7,700
#e8af39,295
#542cd6,792
#d4d4d4,271
#3bc185,605
#21281f,123
#accae2,314
#cba815,358
#ed0e1c,667
#e5f6dd,187
#c4fcf0,257
#ed4b04,379
#ba71ea,308
#bc3f3b,229
#34865c,382
#73c3e6,481
#8d7519,205
#604f43,128
#002ea1,480
#6eff4d,650
#cc6820,310
#3d84e3,677
#544437,117
#d50935,465
#b2d097,215
#3bb502,1081
#003dae,481
#a38f5c,177
#6b62a5,244
#3058fc,600
#d24ec1,375
#d065e1,335
#9b1b5c,329
#dadc00,524
#001d36,138
#265c42,269
#cd0085,530
#c4f418,463
#166d2a,455
#a39f7a,188
#1e0e76,507
#39eec0,744
#27b378,606
#1ce0b2,791
#e68dd9,279
#146c45,355
#bff27f,246
#7aed7b,423
#0098e8,654
#c425df,692
#ff0feb,463
#5eff92,552
#8d734d,157
#703248,149
#fd2c3b,400
#00a91f,848
#00d618,1727
#516e83,244
#7ea4af,274
#7aa0d3,343
#79c8ae,332
#ebad66,199
#048a37,557
#32e195,760
#785bae,263
#d43f61,297
#9e9148,181
#1f136e,465
#cd49dc,428
#89fb88,391
#ac653c,189
#347913,563
#576ce7,512
#f07e4f,194
#50b166,423
#b3f1bb,256
#1607a3,914
#7fb4bd,300
#6388a6,283
#63e118,1098
#20f53d,1292
#fa1bfc,601
#b9b4dd,268
#ef8ead,223
#fee261,192
#8fec2f,679
#66c7d3,523
#c1d000,455
#9c28eb,687
#518342,256
#828931,202
#857825,190
#fe4fff,373
#aba014,298
#c33fb4,413
#661d5a,272
#dbc767,221
#b765b8,270
#00ffd7,619
#0e2450,235
#00002e,114
#f34207,391
#6791d7,407
#7048b1,329
#0091a5,526
#56ac9d,404
#6668e7,412
#bc47b4,361
#125cb9,575
#aef815,500
#611871,362
#31d0a5,716
#5da13b,370
#369094,473
#8ddc1c,706
#50e316,1449
#db3c23,479
#ce3bf6,563
#ff4d82,259
#e033d3,625
#5eb7cf,527
#85dc4d,468
#00b29c,515
#84fc93,400
#b68489,152
#afd35a,281
#65f112,969
#74ee65,488
#e05ccf,357
#63ff2b,917
#88fe0e,689
#dd556d,248
#4795e0,648
#7fdb83,372
#e17138,262
#a8dde6,335
#46224e,193
#78b98f,266
#3163d8,665
#f9bd3a,273
#c0be35,313
#93a28c,213
#9fbfc1,274
#9bea30,625
#238910,870
#429369,367
#ff73f5,231
#589d90,303
#21247b,437
#edb1ff,184
#db3c18,507
#902d54,229
#b3613d,178
#f59ae7,242
#367bbb,545
#f9f835,538
#dfbbe3,258
#58b5e1,640
#a53460,247
#1a1d0c,132
#da7270,194
#214a65,287
#bcf45d,285
#3c9700,514
#180632,177
#c25720,287
#4397d7,653
#183537,169
#ad00eb,611
#765a23,181
#00e614,1903
#eb4565,299
#44c33d,920
#c82565,410
#1abdc5,737
#9296ee,272
#19a71f,1116
#73f02e,839
#822cd3,634
#6ad5eb,565
#10558a,407
#e775cc,303
#3ff44c,967
#d6791f,323
#b8e27d,256
#0e503e,252
#00dcea,704
#bfdad4,277
#cb2c17,559
#256676,352
#2d595a,246
#df97ac,228
#832c8b,385
#8323dc,721
#006e1f,456
#4cf185,662
#ffa8ff,162
#3dd188,667
#0db293,591
#237b12,692
#dc752d,309
#2b1267,402
#9ab9f9,279
#b97251,167
#1b48bc,637
#c9ce23,415
#2e9cbc,631
#85b973,242
#54af79,393
#afc6fe,224
#c0d8e7,287
#304e26,206
#9ae871,361
#a98e34,215
#3fa187,472
#474747,145
#90ea66,405
#fbbd13,302
#bae342,417
#cbb2b9,213
#8517e5,802
#69345e,186
#5c82d2,438
#ea6b12,419
#e78607,346
#eea79e,198
#dced52,308
#6847fc,468
#8c3ba0,352
#c43621,417
#a63838,202
#ba1a17,592
#98244c,269
#5e4028,146
#00228b,475
#9f6c3b,198
#774800,169
#785a0a,182
#91322d,204
#bc6b85,183
#cfd0ff,165
#3334ae,569
#a7e831,574
#f89ade,225
#433b25,118
#862593,451
#51bf85,488
#616d6a,195
#83acf3,356
#48abb8,563
#9c8119,219
#f2be72,186
#aec334,347
#90089c,514
#53a4e5,618
#14bae1,820
#cee6f5,248
#93b486,198
#e937a8,531
#3c5da0,391
#b96f74,151
#005ff3,579
#f37d21,342
#3447b4,552
#bf3854,258
#590e4e,271
#52115d,301
#de19f7,651
#4eb4f3,617
#df43b0,450
#1357ca,644
#6b1b4b,240
#423071,255
#f95a4e,211
#74ad53,287
#ac4c54,154
#004706,256
#8bc0dd,369
#bc5857,154
#93d0e2,368
#d837e5,624
#864490,266
#83976d,176
#5e4db9,346
#7a2edc,644
#f7daf6,198
#4553c2,511
#15974d,574
#68c030,606
#c922d6,712
#00c47b,549
#387836,367
#4220f0,1155
#62ecb6,560
#6bae48,344
#5296ce,537
#d0b0c2,214
#c3ab13,349
#3d0700,101
#34f50e,1395
#a45431,191
#ee0d0e,727
#b3d9fa,249
#d427ac,580
#c0b8a6,237
#76ff2c,736
#972554,282
#848925,237
#baa5b4,209
#b0c163,204
#905884,190
#8138fc,535
#29c53c,1082
#ec929b,205
#0a13c2,1143
#c67f66,156
#36cbd3,798
#2c5c39,262
#942bf3,689
#e4bfab,205
#ee0c00,525
#aa3f9d,334
#6a9fee,430
#8d51f9,346
#0a2c0f,155
#ee663a,252
#1cf1a3,697
#009fbc,588
#e45bc7,355
#8fdc00,569
#04fcf4,805
#5f1223,176
#3e727b,307
#f2b0f6,221
#43dcc5,805
#154975,343
#e21c7a,588
#39ff7d,548
#b8a8a2,200
#68affc,428
#4efdcd,659
#ffcd0b,236
#7c987f,193
#e9d0b8,220
#7e6749,143
#6bbaa1,324
#b36d9e,215
#0494fb,543
#691562,310
#c39818,323
#2499d7,743
#1a119b,826
#abc093,202
#5794d7,528
#d4452d,322
#ab39f9,520
#c5089e,551
#ff9f96,139
#a37e1a,237
#d8b644,249
#8aec4e,501
#841ea4,536
#31e8ff,573
#9a2a06,299
#ff55f0,320
#e679ba,276
#381451,248
#f48e9b,201
#ad3e95,318
#d01f18,641
#4f28af,576
#5010c8,930
#53b23c,557
#2bfafe,716
#d9b36f,221
#fb0998,463
#3db447,707
#e2fc8d,203
#fc5468,222
#a0b099,226
#85540d,223
#635c66,161
#3c627f,294
#66d9cf,573
#dc7520,358
#2c928b,501
#db8596,222
#e9fb6c,222
#49d261,720
#00e477,787
#914947,139
#0ec61c,1569
#b30089,475
#5858e1,515
#851657,299
#1e3430,152
#ffc1e8,148
#e0ae95,204
#5eac94,336
#fdf0d4,167
#7cee4d,554
#0073f0,550
#8f8ac5,260
#f343d9,488
#fbba68,160
#6c00df,795
#b47cc6,276
#6599a2,292
#88e99a,378
#4d7ba1,360
#006e2a,363
#bb190a,636
#cf749b,219
#777c00,204
#f2c8e8,226
#b41e51,342
#64903a,276
#4b03a9,691
#76cc6c,363
#59faea,709
#f8ba7c,171
#f7f4ac,174
#2c97e0,760
#48bea1,575
#009a0c,908
#84bc04,493
#d5005e,390
#87ba4b,301
#5bbd8f,403
#b848bc,359
#e19f1a,400
#50a33b,466
#464a15,142
#0027b1,656
#421ec8,971
#cc156d,502
#cb1775,513
#66457a,207
#89a853,214
#6ec1f8,445
#958417,211
#e9e876,232
#91ca32,483
#a7abb4,261
#386a2a,314
#f1e39f,198
#d2cb24,424
#d36411,380
#378811,684
#c7e11f,563
#d6da7d,213
#d10f55,456
#40ceae,696
#05957a,506
#2e6b20,438
#b22839,317
#89aa0d,388
#87cefe,327
#6e9f23,406
#4007d9,1163
#37d51a,1633
#e23209,626
#0cc0aa,724
#427ff5,586
#11a0aa,605
#8b67b3,258
#4a10a1,681
#cc99d9,280
#9d5eb3,280
#765cf9,326
#db11ac,642
#f8381b,576
#ffa148,178
#f764de,306
#800f76,433
#0c2549,215
#c6a675,210
#4dff66,617
#ffce54,174
#d9c0c7,232
#a5e841,503
#2a5fa0,450
#2a8476,429
#1288da,701
#ff151d,526
#4cf32c,1340
#f6a0ba,212
#f04339,334
#5fe12e,1032
#e8250c,749
#52742d,244
#202083,503
#bd4ef6,378
#94f5d8,312
#458541,324
#7acc61,366
#961d6b,353
#1c5e39,309
#37b51f,1112
#3b5b05,239
#ab6267,140
#70bb86,292
#366da5,435
#964550,146
#d11f0b,697
#334aab,497
#a80055,233
#81aa49,258
#587401,243
#e03cc2,547
#09f54c,975
#276cb6,544
#fa9051,184
#e2bdc7,226
#d3ee80,221
#83c0e6,410
#030e32,146
#1d70a5,486
#caa828,310
#a1aacf,267
#6865f0,381
#cabdff,146
#ed8220,354
#1a0086,575
#569160,247
#74584e,121
#1ed46b,827
#fe29e2,497
#2a2bf0,1092
#00c73c,953
#e2e7b2,234
#ed2bb1,567
#626107,168
#c0384c,264
#a665e4,333
#c9bb36,306
#4ed31b,1293
#b11478,476
#5b4138,121
#892acb,623
#2ce462,944
#41a5ee,670
#00efd3,686
#e8c17c,216
#ff3dad,397
#ff0087,384
#e8c346,269
#202c98,528
#c131d6,625
#66de78,494
#133f59,260
#5eb048,414
#0c5f31,336
#75887b,207
#3d9f98,501
#007872,377
#78795d,170
#bdbc77,187
#6108e8,952
#7e54bf,315
#4328e7,1123
#c11e96,540
#2e21d0,1138
#f9f0dd,184
#724fe2,409
#ff6f59,147
#be5cca,317
#a7d297,234
#9f75a7,219
#924c00,204
#e6d3a5,228
#a23e1d,247
#d4a07f,194
#780b27,249
#31c52f,1253
#2cf52b,1501
#d5a24e,228
#294d46,211
#760796,513
#919191,233
#cd7e37,229
#298cc0,628
#cf3b92,410
#f587c8,236
#f1fb1a,580
#7e7666,175
#1a4fa3,502
#d0ff82,199
#25b8ea,799
#d95e13,417
#514a8a,246
#3a187b,447
#83fe3f,722
#37e357,997
#34f199,667
#15dec5,836
#86394c,158
#b3e61c,618
#b0ad87,203
#5aff4d,872
#409cb3,549
#9e21a9,530
#d452a8,320
#5826a6,510
#2c5d1f,352
#986d5e,133
#1932bf,758
#00add2,624
#bc74d8,308
#d383c2,259
#bbe272,264
#577340,185
#5e9222,389
#ff9cb1,157
#a43e03,242
#00a2a1,553
#b24a1f,269
#c56d2b,254
#acf82f,522
#e52638,496
#ae783e,198
#003198,458
#f7f2ca,179
#18d19b,710
#806641,153
#3a1283,510
#a0fa2f,595
#6e6a62,179
#9ba511,333
#0c1118,165
#2d029b,745
#70c6ca,428
#e79691,203
#a9eef5,327
#6eae3d,370
#003546,165
#9962aa,254
#2bbcce,773
#d63092,500
#2e8190,454
#4aeeb6,690
#8a3834,165
#9f1845,320
#919632,226
#b02949,299
#cf80dd,301
#61d056,533
#fca552,170
#9620fc,624
#8c61cd,309
#871550,300
#d8e9b2,224
#4b4f7a,206
#e4969a,215
#5ddcb2,566
#6975fe,339
#9ab474,199
#351849,220
#530c99,584
#4c0d19,152
#996ddb,314
#cab964,206
#fa2beb,543
#fc7086,189
#21f0b6,749
#2d5da8,485
#1d3971,328
#8b716f,136
#bac008,368
#4224bf,827
#317cb2,528
#625ad0,374
#7ec993,290
#9ac48a,215
#ea1349,461
#ca6285,212
#e793ac,232
#bb15b7,648
#b8725a,144
#5f86b7,332
#949088,225
#52c249,627
#55450a,141
#cf9eac,203
#48a421,726
#1eacc9,723
#326b14,419
#ca9260,189
#37d356,890
#662901,153
#ebc30e,388
#7ede30,697
#f0ac3a,274
#b2d27a,231
#8a632f,190
#bd89dd,293
#6c9f30,374
#70e02f,812
#074d65,289
#63b1f3,533
#9e194d,311
#e855d0,390
#9234eb,605
#b69971,186
#66050d,248
#1fa198,596
#fca283,158
#be2b8d,455
#bdbe4e,220
#d0c3c6,245
#89ba3f,333
#fa2e55,388
#e9f998,191
#7ce5e6,481
#518413,413
#660081,409
#5a9057,247
#19477d,356
#79b6b3,305
#7e00ce,575
#4d57a8,348
#34daea,820
#148fae,579
#718af2,342
#501bbf,797
#f287d0,250
#58055d,295
#a68f49,192
#cf6449,188
#401c6c,331
#9d6491,196
#a241ae,361
#3c7ea1,439
#0064e1,653
#a90027,391
#ef00d3,574
#bf70e1,318
#b39795,164
#f7a83a,268
#b0f589,253
#5e3b57,139
#d02023,579
#e9bcb4,206
#bc967b,175
#8bd7a0,301
#69cb9c,376
#93e6b7,325
#69e04c,631
#d0f05e,268
#fd8992,166
#c0f19e,239
#6f267e,357
#28412c,167
#4115d0,1125
#338821,656
#9bf4ce,287
#31666e,305
#e29e00,358
#6becad,482
#7d76e4,322
#f1b3e3,232
#38e278,809
#c2287d,441
#e5c35d,225
#1a86e3,731
#766b24,175
#9ca500,234
#229743,614
#f642d0,475
#8d12dc,809
#3337a6,517
#75ae0a,466
#316387,358
#17f46f,758
#41bbc5,678
#38f0ac,703
#7446f3,465
#1fb700,1352
#4ca346,454
#36edd3,801
#c41c8d,544
#647c77,197
#d04b02,352
#ca8ab0,233
#c712e8,739
#008498,362
#49388e,312
#a822d9,691
#456fe7,605
#06a56c,566
#e9b7e3,247
#d6061a,653
#33837f,402
#c8f251,315
#887177,144
#2eece6,914
#e86c39,260
#d77cdd,302
#6e1f1f,213
#213288,437
#818bd7,308
#3a3d2c,122
#29b28a,584
#939625,253
#8f0f12,378
#27cae6,862
#e6c352,238
#2c2510,106
#0a442b,215
#2dd460,862
#d2c966,218
#c79fbe,229
#203580,390
#904c1b,237
#9300a4,434
#24a287,559
#ad4f11,278
#474a09,139
#463df6,742
#ab3141,244
#7ee8c0,418
#5089b7,426
#fae537,375
#fff655,264
#dc2192,600
#812531,213
#6c3357,172
#83626b,126
#ab719e,211
#e72525,636
#e3d769,237
#b29e27,261
#691b9e,518
#b34a12,283
#04451b,250
#713529,152
#938073,162
#65a10e,474
#01c472,651
#a75400,229
#15729c,461
#3a0329,122
#731cc5,691
#3cd500,1270
#c2ebe2,282
#00c55e,700
#48a8d3,651
#b7bba6,247
#949452,163
#97b723,391
#291a58,291
#3588d1,667
#d3e6ec,257
#73ae22,468
#e42749,448
#deff16,416
#65d04b,555
#85e5dd,441
#c89dd0,264
#7540fc,463
#aedfca,278
#41aaca,658
#57b230,631
#753c7b,237
#ee53be,361
#6f4b18,194
#7b4244,125
#fadcd9,194
#74398b,289
#f982d1,236
#7d8ece,296
#a3162e,358
#10eddc,873
#00f0bf,680
#f849b6,377
#0400b4,625
#d518bd,691
#920032,285
#eac328,380
#745a2d,165
#5f6046,143
#36e515,1862
#bb2c95,464
#a417eb,770
#cfff52,267
#3b6a20,329
#e2c627,413
#312b90,471
#02b72e,1072
#df51f3,374
#9fb533,316
#eb67f9,287
#ffd6ec,145
#7da2c1,289
#adc341,284
#f06623,351
#4787c9,548
#481311,150
#2b19d9,1265
#144242,202
#00f72b,1166
#ffe124,317
#cdd9b8,238
#7b038e,462
#bf46ab,344
#e6bcbe,216
#8d4eb6,325
#708e30,275
#53e300,961
#d54416,419
#290211,109
#a46667,134
#c9245d,411
#83cc3f,463
#5425df,976
#a143f9,416
#666b73,196
#896f88,159
#cc0bdf,713
#3f14a9,784
#3e9539,536
#ff26d9,488
#ec4b24,406
#a6c363,224
#8f52a5,274
#9463b3,265
#1a163e,212
#33694d,276
#b27807,248
#4fa9c1,547
#208eb7,621
#42b43c,773
#7b7ec0,263
#90d796,301
#49c32f,1035
#98b709,384
#719d47,257
#dfccfa,197
#3b098b,596
#e3488e,357
#b18780,137
#be00c0,618
#762aac,504
#c218f1,689
#556ede,511
#91fc40,670
#f5a952,196
#5ac4f8,551
#7fed71,431
#e9c9fa,192
#accccf,287
#3fd34a,930
#71d3f4,502
#633ca3,336
#0f00ac,804
#777cd2,311
#914278,224
#333dcd,714
#842411,259
#d91eff,540
#baa3c6,235
#7430a3,406
#8a1b07,309
#1b4dab,547
#aa654e,150
#def8d3,191
#197959,397
#7e4990,252
#98a8ea,304
#00a0b3,489
#eec052,211
#5955ea,519
#bc1cfa,635
#b31cc8,706
#3f0c51,246
#680c71,399
#588f72,233
#fcce6a,171
#95d78d,295
#a5d65a,315
#edf5ca,172
#2dadb8,652
#5e77aa,276
#4533d6,783
#00bfbc,726
#5c39b4,405
#bad8f0,270
#afb7dd,285
#9e73b8,249
#aff0d8,276
#624f3b,124
#a8b334,287
#6d7699,216
#9b5bc4,309
#d8c598,227
#b53c7d,291
#97afbd,264
#001de2,1145
#dffe6c,227
#a2d665,305
#eac172,211
#a1173d,338
#bfa790,195
#79c1ef,421
#aaa126,262
#af6da7,228
#003390,407
#1f3ca6,543
#666983,190
#e5d75e,255
#e6861f,357
#96a63f,231
#6a8b7b,201
#27bfb3,761
#b38491,165
#841e41,238
#ae9a8c,180
#f989a4,193
#21a645,711
#317921,531
#bb54ed,360
#bd6896,215
#00d560,771
#d47a37,233
#467272,252
#00758b,379
#dde5d9,263
#4dc172,528
#15b71e,1305
#b7c035,323
#001e93,530
#ed3e7e,401
#ed820a,340
#1f5113,334
#0fb381,589
#d540dc,534
#a16489,182
#a46380,172
#a56091,209
#f14330,373
#b4726b,138
#561647,229
#a1d832,499
#93519d,261
#432646,158
#a1cfcf,310
#4fdf96,656
#bd5c11,312
#0a433b,201
#509f87,350
#cd6ec6,289
#e8ea35,487
#91a824,328
#48d17f,627
#18786a,405
#8cc5a5,256
#ffe081,141
#4538cd,674
#c6dbae,228
#dfed34,494
#fe85ad,175
#4ccf92,598
#b7f630,462
#be3acd,522
#1c4bb4,584
#9d97d3,279
#214324,216
#458da6,449
#c02a85,451
#dd750e,389
#b769a7,234
#a24a8d,253
#00dee1,675
#9f89ab,200
#d169cf,310
#97127b,467
#6e3cd3,471
#e6d0c2,239
#8db67d,210
#e07142,230
#346b02,362
#7bac31,385
#d898be,243
#ab7b05,229
#48156c,349
#006497,387
#bd91a7,199
#a36c0a,244
#e6262f,546
#472a00,109
#7d413c,133
#006bc7,568
#b144d6,434
#a7c522,407
#e9cbe7,237
#088490,471
#513eb4,423
#a52e78,352
#695f17,164
#ffe254,205
#c39dd9,275
#a0554b,142
#304f9b,425
#2ae282,815
#fd2b31,448
#6b898c,235
#dabed9,247
#2b3412,123
#3e76cc,577
#4e4809,132
#992a1c,312
#805436,161
#3295e9,706
#245f04,365
#a640a6,345
#f85b57,201
#d73e50,293
#ecac5c,200
#956b80,144
#8f7344,169
#887daf,219
#b34a01,262
#d82f8a,493
#af1680,496
#7e8b00,249
#4f83da,557
#ef3df3,577
#9a8232,199
#67a5ca,413
#19ff3d,1028
#759a76,188
#a9e81a,656
#802639,212
#ffb92b,236
#5faf66,331
#8e836a,180
#242f4d,214
#5a5f66,189
#61a3dc,508
#9dea19,692
#7574f5,334
#30d52e,1431
#e56c56,204
#d60724,565
#3fe34b,1052
#9e4302,222
#23980d,1041
#74667b,160
#1c0062,349
#8dec40,598
#9a594a,142
#1ceaf9,716
#92a654,193
#6c00af,600
#3c2b38,111
#9a05cb,686
#f152b6,337
#c92d34,401
#abf774,297
#c7bb43,246
#78d8bc,401
#598322,336
#a6b16a,179
#2d7a2c,490
#1be46d,895
#0f767a,392
#6cadff,315
#442edf,953
#68f100,556
#00211b,84
#d65f41,217
#2524f9,1202
#bd836e,147
#37fcea,849
#d26421,332
#05aec0,677
#9f49f0,398
#52bcaa,530
#d6d6b8,240
#4eb304,811
#983298,398
#8257f9,325
#9e37d0,524
#f4b8ab,192
#cf115d,473
#55cf89,526
#245100,196
#0027e1,719
#d4fbd3,203
#1ad54a,1053
#ff9e8d,139
#36c272,636
#e6f8c0,182
#642a16,171
#6c135a,290
#68ed99,492
#a6a14a,182
#f09700,308
#679e63,238
#e52740,464
#135ac2,610
#399283,431
#8301bd,660
#e313ee,670
#ab7673,129
#bcf1a8,245
#ca4871,262
#2e3478,331
#952c3d,230
#937226,210
#7afaba,387
#d867be,308
#69b7c5,421
#f86db1,246
#69306e,238
#cad3fa,218
#1ec548,966
#5cd061,537
#b79b41,212
#fc2c44,380
#303180,371
#9b3ec8,428
#567b99,284
#c2cf5b,226
#eba7a7,203
#682dbd,519
#4e6445,165
#715cb6,279
#21638f,408
#6f1996,492
#6b97aa,290
#521c3f,185
#5f4ac2,376
#f7931e,314
#9d6c44,175
#6294ce,407
#00d62d,1365
#ca6936,220
#7c28a4,486
#3dcdc1,766
#6c83b7,281
#4be32e,1393
#94f3eb,344
#fd95e8,215
#5daba6,371
#b1708d,184
#1e0d00,91
#7ecd00,624
#f9905b,174
#cb008e,539
#8d2973,341
#d98ff4,267
#5ae06e,629
#97b1ab,251
#d199d0,266
#8a0458,300
#eefb45,467
#e8aa95,210
#298837,532
#4f00d0,926
#5eff72,596
#3d99ce,654
#31120d,119
#d35896,271
#60e9dc,702
#72045a,280
#aef2c5,253
#00597a,327
#ffffce,114
#dc2c7a,480
#beab4d,204
#25738b,417
#00f70c,1326
#883c10,224
#edcbde,225
#b735e8,618
#d87378,192
#8c0da4,572
#997cfb,237
#6e7888,209
#a181d7,289
#288753,440
#801967,335
#270fe2,1508
#4fbbbc,581
#e41a72,571
#44f270,716
#75eab6,440
#212f90,478
#e94c42,283
#00e62c,1527
#3f6f94,364
#3ec349,824
#60df82,530
#fe2b1c,557
#a70036,327
#e29c63,197
#6ed7d8,535
#54d7eb,712
#e722d3,714
#0045ff,506
#a34ddf,405
#ae73fb,251
#3123a1,668
#bbba9d,230
#b71c41,357
#3e2064,276
#b5753e,199
#1e39ae,586
#9db286,190
#7b26e5,724
#46e33e,1272
#da82b1,243
#b9c024,367
#534ec2,426
#a59d8c,213
#2a6b2a,407
#ca50d3,379
#83f9c4,351
#ff60ba,224
#1fc468,725
#6a9c75,219
#194f46,238
#b49e00,243
#1f9383,518
#00f47a,653
#8b6fed,310
#621100,194
#6f37dc,546
#a98a7f,143
#ab5028,215
#949614,291
#360076,294
#f10041,314
#e70de5,668
#e4e88b,215
#b1c305,388
#7e0028,207
#80de1a,785
#3451d3,665
#d2b48b,214
#fd9f9f,159
#476af9,506
#5ca0f7,493
#190e11,149
#71cf00,686
#a7dcf9,285
#db8b4d,206
#8b83f2,265
#ae6529,231
#b94403,281
#e5008a,574
#3f3d14,116
#b88665,168
#9f3f40,165
#f3f3d4,186
#9e211d,365
#3e2690,459
#bb4ca2,302
#4d2e61,200
#11e38c,774
#42952e,589
#ea8244,228
#0ba47e,552
#f8a82c,308
#cc224d,397
#a0581c,245
#38b094,565
#85c79c,269
#36a620,942
#ce7e2b,270
#5c2e26,136
#8c9813,315
#5a310c,171
#3fadaf,586
#8aa770,189
#972b2d,256
#789d23,349
#555f6e,187
#d9a22a,320
#cb2c09,552
#9433a1,406
#efac46,230
#972ca9,494
#b6ffab,175
#a647e7,436
#60a130,430
#885995,225
#652635,142
#86b5a1,234
#37d275,731
#e0fab6,197
#5b468b,242
#5756a0,275
#dc3c07,484
#871d32,245
#7dc2dd,423
#a88e3f,200
#c2ffab,182
#a7c09d,210
#7bab5d,244
#9382e9,293
#8be8ad,347
#cab78b,221
#84f7d8,384
#aa7b28,247
#31b52f,1049
#523abc,472
#cf7d1e,305
#86ca62,324
#ad766b,137
#103806,213
#6a668c,186
#6e6ad5,339
#f058a4,291
#47faf4,791
#1d8a20,780
#62c049,479
#b859e4,357
#a03cbf,420
#b8d300,475
#c4b89d,223
#410002,133
#aed0a0,226
#ade64f,389
#626dd5,391
#8e4380,243
#e5532e,323
#2b0b6f,442
#e0ed1e,590
#b38b19,263
#5e904e,252
#4f90f2,533
#048ad1,677
#69b008,525
#3d8465,337
#8fca40,410
#e57da8,256
#64dd96,487
#af437c,239
#fd47a5,341
#6fbe4a,399
#2cc0a1,664
#a0a3fd,230
#72e5ef,512
#88075f,315
#51f310,1214
#a50fa9,579
#881448,300
#df00b4,549
#98da1d,631
#d9dc22,537
#c17aac,230
#ae67ca,309
#62b9bc,436
#213146,196
#9a8ba2,193
#0b3911,210
#00e557,954
#68af53,328
#c6a2ac,199
#b1bf81,190
#c962fc,270
#9cd597,270
#0033f0,802
#d5f9e6,215
#5cdd9f,558
#37c454,764
#779887,204
#c494ff,170
#768a60,165
#c7cc70,207
#e2b229,358
#218841,510
#0096f2,593
#7e2640,204
#885c84,177
#41c9dc,801
#c78bb9,238
#77ff67,466
#c80396,536
#b4b7d4,265
#edaa83,195
#670501,227
#f5e560,247
#a2f0eb,319
#a16199,224
#d9c937,363
#bce333,497
#4b344b,132
#ffdab3,125
#aed500,507
#2d747a,371
#7b9b47,227
#8050c7,347
#a2a15e,178
#8601ee,658
#640724,192
#48482f,119
#924dae,304
#428621,498
#7e3e53,141
#b5bd94,200
#36b452,668
#f62ef3,602
#a559b3,285
#b3f650,330
#d76bac,269
#1c9820,958
#6f2b6e,267
#df66ac,293
#5eb3ea,567
#26cdca,824
#82ee2f,741
#b8e450,344
#94e2dd,387
#2dc45e,736
#807477,178
#7fa970,207
#8cf5e1,342
#c89369,177
#bb41c5,417
#9de866,372
#581540,212
#fbe423,425
#8f68ff,256
#1d866d,457
#3d8fff,414
#90a9f4,324
#93f6c4,293
#ace1b7,270
#f5f0e7,199
#49edc9,742
#ce9242,224
#151a30,166
#8e0049,283
#8fadd8,318
#c4f269,257
#61cca5,442
#95fb68,404
#4cfce1,750
#6e56d0,359
#000b86,569
#b51d49,343
#2baad3,752
#f6248f,513
#1f3778,365
#cc7b6f,172
#b09c68,184
#5c4300,129
#61f22d,1054
#54624e,150
#d10075,480
#2f43f6,742
#971ac2,698
#8115b4,669
#ed0f26,575
#314ca3,480
#eb6382,247
#6aa7b8,343
#c65fa7,267
#93e0f0,370
#10b651,717
#62f065,595
#5969f0,476
#ca5100,320
#005146,221
#bb5579,199
#f57d00,207
#05cfc0,823
#569244,308
#c28504,270
#517d90,289
#002df9,837
#668100,268
#40e18c,731
#ef45e1,476
#f2579c,275
#3fc6f8,660
#8a96f7,275
#167b2b,541
#334edc,716
#5f004e,247
#d11cc5,715
#5e622c,144
#0007cb,1129
#322cbf,797
#f17e45,214
#111111,173
#bbcbb3,241
#ffb2be,156
#c64981,263
#a85043,153
#65c03e,524
#bde267,271
#a3694d,153
#3160e1,693
#e70082,558
#6895bc,332
#ea85f5,266
#731727,214
#9ab28f,192
#312a55,207
#4355b9,479
#930cd4,737
#9affdc,229
#00f73d,819
#00468d,341
#6edb9f,409
#00ddd8,907
#a44e74,191
#a32890,450
#9a925b,165
#d5b65a,226
#82269b,474
#37c51d,1418
#5f1f69,301
#12d388,715
#14c197,648
#dd6e81,218
#c29829,277
#ea466d,317
#62ce75,438
#f1f1f1,195
#807099,188
#e93f8f,426
#88ffff,282
#cc7aff,208
#c9dd87,213
#6b0016,157
#83e9a3,381
#b85d46,164
#1c35b7,660
#ff8889,145
#d29100,324
#fd9cba,176
#0f5eb0,538
#eb1241,459
#ffcd28,241
#e91451,488
#340967,381
#467ab2,439
#41d26b,717
#387472,323
#cc009e,385
#075c62,290
#6c5d35,142
#35afa6,628
#16d0ae,727
#1e7b20,622
#628df2,432
#75be31,519
#3eeaef,791
#26496d,302
#cfdd73,215
#f2e1bc,210
#9f3088,380
#b84529,246
#944937,156
#823d44,138
#9c9152,172
#789699,243
#3f5942,162
#1f290f,125
#852405,245
#5866ad,298
#37bad7,770
#f0971d,344
#ab9c7a,190
#a73830,225
#545998,257
#18857f,461
#110f1f,148
#c25bc1,309
#ff4c7a,246
#b6eee2,287
#da6ba4,268
#9c2335,279
#b9ae35,257
#cca37e,198
#285d28,326
#7f42a9,336
#a92c68,322
#76e8ca,488
#b7d321,494
#ecd0af,212
#76f014,838
#791c76,381
#e9d737,402
#02424a,203
#28ff66,608
#cbbb0d,384
#ffffff,139
#9166aa,243
#81cc4c,405
#941483,487
#956891,189
#cf84cb,273
#9bf1f5,352
#8900b4,603
#e99b00,347
#bf7d9a,197
#e2712e,328
#56c23d,682
#9bf3e1,315
#5fcd92,440
#531ce8,1101
#ff0077,287
#bc5c1f,277
#ec8fb5,236
#ea2db9,591
#008ec0,563
#828672,202
#43ae9d,551
#593215,159
#3147ed,732
#20d8fd,668
#b0a4d8,260
#f56eba,261
#7ed4d8,432
#750e3d,245
#315d05,294
#6fed8f,454
#786eb3,249
#54c069,481
#487d98,358
#620932,195
#401634,159
#00bece,624
#d33982,414
#4365c7,527
#08a9e5,755
#0d004e,223
#12982d,804
#db002d,343
#edfb53,324
#9d42b7,368
#598d83,250
#9f2114,392
#00b9f3,579
#b0640d,272
#db5a53,214
#233429,132
#4f4447,127
#4fa075,338
#234043,188
#9525ba,584
#89383c,160
#7363e7,371
#2db45c,656
#239eb3,638
#fe707d,175
#003fa6,452
#2a538a,381
#4562d0,558
#b51069,434
#7794ab,254
#a76fb8,261
#52806e,218
#67262e,149
#008cc8,616
#8e3344,186
#77daa9,367
#7fc7a5,296
#c4e143,382
#6b14d6,816
#637f4b,185
#573f56,134
#a794d3,276
#a39127,232
#788ce0,350
#7c692e,160
#af2168,378
#d34536,291
#0b0862,414
#b3b5e6,273
#083bdf,813
#fc67ba,242
#7220f6,769
#dee0ff,188
#f2e721,529
#eaf7b6,177
#52c9d3,687
#00749c,332
#ead624,450
#8d8716,232
#4158b1,455
#4e45a3,347
#98bddd,335
#fb7810,319
#bf5468,183
#b67534,212
#a90aa1,536
#a03f38,178
#57006c,305
#05b56f,606
#c09836,242
#2e0eba,1040
#cf7881,186
#e0abb0,221
#753131,152
#1be19f,777
#8c2efc,616
#bd395c,269
#591489,461
#142ec8,845
#7dac22,410
#7a8495,226
#b14274,228
#00b1a5,657
#89975b,176
#73eca3,437
#d725a3,587
#cabb26,355
#73b8aa,307
#2d70f0,627
#90bde6,358
#a5f95c,358
#f6c8de,210
#c71a85,543
#b31f59,348
#3f3369,221
#fa7922,324
#5336c5,542
#ba3a6c,274
#646bde,402
#68002b,155
#ffffb0,117
#2f17b1,909
#002d73,250
#00f558,795
#70ce57,432
#2ee52d,1711
#ba00c8,642
#facc9c,180
#0df38f,662
#96ccfe,284
#432ab7,674
#b81c39,383
#7d0af6,656
#622e86,313
#00c2a1,567
#708c57,182
#9bf97e,336
#43e26d,797
#f1ac2b,325
#693b9b,324
#cafafa,246
#52dcbc,689
#e242a8,452
#74aff3,420
#e3b214,409
#79424b,120
#ac9ffd,223
#64f8f4,641
#53c6ef,648
#a2e67c,329
#d2a362,213
#88cc1f,622
#9bfb4f,441
#79eb99,414
#21a708,1140
#caee9e,229
#3e4756,167
#4741ed,698
#b2ccc6,268
#dbb18b,213
#b70d61,413
#e08485,199
#7faeea,377
#ebd600,447
#b77529,240
#f5bd5e,195
#cd1fce,715
#bcc5eb,269
#f1bb99,197
#a0913e,190
#2d6df9,592
#5fe063,608
#a17f33,209
#1c5872,330
#401c00,93
#20b647,804
#5f9f5a,283
#ab12e2,780
#d759f3,338
#a8381e,283
#896c99,194
#e4997f,200
#a4044d,315
#ecf98e,201
#4ad9e1,794
#c26d48,170
#006dbe,520
#69251f,176
#5054b1,371
#e431cb,619
#002849,159
#f0f7a2,168
#30972e,736
#f23b65,355
#ec9850,212
#694e0b,175
#f82387,488
#3d683c,234
#00e395,667
#f1615f,200
#dc5dd8,364
#6927c5,621
#b6aa90,216
#783121,174
#e360b5,320
#8a1c12,317
#8fda59,388
#1642cd,720
#823db1,381
#7a2c39,167
#d400ce,665
#26b09d,646
#00d0b7,650
#7b4d87,223
#beba94,220
#5920af,600
#2f8fa5,530
#9be2d3,337
#09e600,1294
#a225e2,711
#ba92b0,218
#ce7def,280
#78ab66,237
#9ebdd4,297
#7e8a45,174
#1dfee1,742
#b95c3d,176
#b39e15,302
#e590c7,260
#78b4c6,355
#241915,129
#87c4c1,315
#df8a1d,350
#ecbe8f,208
#9ff6b1,259
#5d8300,302
#5b588f,219
#4f22b7,686
#5ca6d3,520
#e01e82,599
#417caa,438
#8b9751,183
#7990c5,289
#f9a81a,323
#24e53d,1450
#4ae182,708
#86513f,148
#80c6b8,317
#f38ab6,226
#0ca82e,920
#0048f6,615
#6e518f,230
#5884c9,420
#3fc268,635
#45d33d,1078
#155126,307
#bd854a,192
#82dd00,611
#496e8b,291
#fac7d5,192
#a89d83,200
#023880,339
#3e9457,408
#00177e,342
#f2e576,210
#b54643,188
#719a7e,199
#ffffd8,117
#f3d426,394
#b52608,468
#9a53df,380
#61a7c1,423
#ad30ff,519
#44ff72,550
#729c63,208
#ec4dd8,423
#27d53d,1231
#cc7e41,200
#2f937a,476
#55e6ff,532
#35618f,368
#a86089,197
#d0922b,289
#6cbe55,386
#35ff9c,536
#2af385,689
#773493,335
#7c8a4f,172
#99e5ad,317
#d6898d,190
#b0989e,183
#88beef,359
#bb5c2a,233
#e71761,526
#b17829,246
#e057e1,395
#9da271,175
#056e12,536
#48bf8e,550
#6462ad,266
#ea4c39,301
#8fc86c,280
#63ef85,530
#a1c477,224
#974810,243
#8fb58f,210
#6c218e,445
#978246,178
#4fdbce,746
#f8a0b1,190
#75435b,143
#763bcb,441
#9354e7,379
#a3c0a6,221
#9a63ff,258
#734aea,432
#ec102f,499
#156b55,350
#93c920,542
#a2788d,154
#fb8c77,152
#b12060,361
#e5e4c6,239
#5100f9,790
#c66d0e,314
#61c5e6,615
#5e90e9,496
#1c25a9,758
#013688,388
#c29aeb,272
#043919,192
#fcd107,327
#506356,163
#cb7e4b,192
#54a32f,522
#5cbca1,424
#9a23b1,556
#dbc907,427
#d2a088,185
#4d5e87,245
#e78085,215
#7f2d93,396
#753fc2,392
#458612,513
#96c593,227
#203f52,232
#c63600,272
#ea3ffc,539
#faf81c,565
#765846,134
#2a165f,348
#fd4e8b,269
#581a2a,156
#bedcc1,241
#212904,103
#e2e2e2,255
#f9b2d1,201
#758d00,263
#c39800,291
#d3319b,501
#b3b00f,341
#fe7446,184
#86d7a9,324
#b88ae6,290
#1a8298,484
#db7538,245
#007a50,393
#fe2b27,534
#cf202c,500
#daed5f,267
#ffd6f6,165
#1c4412,254
#a86828,237
#75cb89,331
#87a9fd,283
#5d3676,236
#b42716,463
#656d62,183
#44df9f,713
#975c30,202
#c74d60,202
#837830,164
#621da6,559
#a6003e,319
#e46981,241
#ff3ba5,373
#c23165,361
#5f7215,236
#a4beb8,264
#719f00,282
#750253,258
#b878cf,294
#f200cb,549
#de91d9,282
#00199b,639
#6538ac,383
#56a06c,309
#37b181,546
#f8bd47,222
#eed288,201
#fda547,198
#c5e133,469
#1bc7ff,496
#ad2270,388
#9785d7,292
#72aa8b,239
#837655,150
#4fd256,721
#1b511d,332
#92a80f,364
#e55223,389
#c1f274,252
#5ccf7f,471
#53e078,664
#8e80fb,239
#8acb00,583
#67f9e1,606
#323d96,423
#c7c4d9,262
#fba55c,168
#44944d,393
#8bd0eb,391
#4174d5,591
#2a9739,655
#59a20c,550
#a50245,315
#90807b,171
#b621ff,518
#36bdbc,715
#c25fb0,273
#0037e7,811
#888bce,278
#cb84d4,288
#e74c53,263
#9d7f50,178
#d35c7d,230
#ffc6b9,141
#6c9999,251
#1eefc9,796
#415a1f,213
#b1c8eb,289
#799cee,355
#d30c45,450
#da3d2d,406
#eb4b2f,342
#6bdd8c,442
#559310,488
#91f8b1,306
#6ce9d3,570
#ba99ff,172
#a1085c,348
#aabcc2,273
#6a10a6,623
#94e4ca,348
#24ffba,600
#e639b1,546
#c20da6,583
#4d6c94,284
#93c3af,245
#793c73,221
#ad58a2,258
#edc05d,211
#7cce1e,700
#77d6cf,438
#95926d,177
#684e17,168
#4f1855,256
#eb36a0,510
#956bed,309
#3a1742,196
#51e258,820
#6c93c5,329
#bcebeb,288
#2fd192,706
#d2a517,380
#f0be7c,189
#77536f,141
#83ca6c,315
#baae26,299
#115205,374
#916b88,157
#1b1a29,151
#1c432c,208
#ebf3e7,202
#b89968,195
#f228a0,516
#6b2035,181
#b090d4,279
#d003d6,682
#92bfd4,328
#fabd2a,289
#a9a134,224
#917e8c,168
#8cb860,245
#2b6abe,572
#84ee15,772
#c93dff,473
#fdf661,221
#6ae7e6,614
#927231,192
#8184fb,246
#b9b6cb,261
#ae896e,168
#ffb93b,235
#c6ce43,294
#9973c1,271
#7167de,361
#acf3b1,252
#eb6756,206
#bc33df,636
#214d4e,230
#31a62e,888
#bf948d,157
#9c3190,383
#aa7959,154
#674e21,164
#f8e0a9,192
#7780b7,248
#51b7d8,667
#922eb1,509
#8541a0,322
#a68a88,152
#96fc10,698
#245a62,292
#1d2150,241
#edac51,208
#71cd76,371
#4d9caa,457
#d8fbc9,195
#dc3559,376
#260033,125
#ddc0bd,217
#6274b2,283
#f6cf89,193
#a02fd9,638
#1f2c64,306
#e0f6e7,198
#9f04fc,537
#83bc21,488
#24a475,541
#f06614,388
#a3a312,312
#6cd030,708
#c2cba1,220
#96a283,202
#fa557a,242
#70cb92,342
#48382c,110
#672d7e,300
#f5603a,252
#b27373,141
#4233a6,482
#abc8f5,292
#777777,205
#672396,457
#021f22,111
#807843,143
#8d102b,309
#b35691,230
#e4ccf1,218
#ca2d2b,451
#701e03,184
#006a6e,292
#835424,203
#7c5724,195
#5cfdc4,626
#84a3a6,252
#cf8f69,180
#5e3966,188
#4ea6dc,642
#e84c4b,270
#9a6d56,146
#c4a958,216
#87c5af,283
#584982,218
#9a8e91,203
#3239d6,806
#8bda64,364
#fa37d9,526
#5361c7,435
#687c6e,191
#00ffb0,483
#55ff9c,561
#b04b3b,180
#4d943a,388
#8dfb7e,392
#96ea4e,466
#5c0099,466
#829951,192
#592f35,118
#247672,387
#e89ff0,233
#68bd7c,337
#85e8b7,373
#3c3f85,320
#b6ccbd,254
#ee74ba,270
#00a83a,724
#3035df,917
#4e834b,259
#4149a3,408
#e028e5,693
#e89b1b,380
#311ea9,816
#39970e,804
#43374a,134
#0061ea,644
#353100,74
#00ffc4,578
#ea88e2,284
#2580fe,532
#360e0d,125
#d6a075,197
#5a4b72,168
#f65b68,217
#c6f08a,230
#6cfe9d,472
#4c3e76,220
#f33bea,551
#c0316d,364
#40cf9b,658
#35846e,378
#c900a6,426
#c0d122,453
#c972bd,264
#91da4d,421
#6b0079,371
#64bc98,352
#c46a63,157
#004cbc,498
#5b3c5e,152
#d130ff,517
#e6b051,229
#9f5553,130
#ebd469,215
#a4151e,445
#8bb598,219
#059dc5,661
#002650,178
#5281e3,555
#cbca84,204
#6676a1,239
#bce9fe,231
#2f4d3e,174
#ae3028,323
#728e24,300
#331c42,180
#caffb5,200
#9d1cf4,749
#5a7151,167
#3aa609,892
#4cb082,439
#988061,160
#df5922,372
#b8bd8a,202
#b74fff,311
#716fbb,277
#4cccb7,663
#87aa23,362
#c0678d,206
#c10000,561
#f500c2,483
#708795,239
#520312,156
#d7c944,287
#b83b75,284
#0f1f14,132
#e37010,419
#e69976,197
#8e9648,181
#1d7bc3,634
#cc8d96,186
#f6568b,264
#640f79,435
#c05081,228
#7212ff,638
#001506,120
#7d94a2,246
#a0b524,360
#dd9a9a,201
#fdf2b7,160
#a356c4,327
#277b00,594
#9e92ee,270
#7b70a1,208
#5d6d73,202
#5a4dfc,514
#78de4c,532
#86b3b4,273
#c5667d,189
#c64e68,211
#50c300,999
#0071ad,426
#5b92e0,523
#782857,235
#adb14c,205
#005a72,286
#0b196e,429
#a21636,335
#9fd841,435
#dd6eff,215
#e6d752,272
#473643,119
#6672bb,290
#5a4316,153
#c9a836,276
#0069d0,604
#9bc732,428
#34466d,255
#a2b50b,369
#c5d5f0,260
#0071f9,480
#9b6f1a,237
#aae486,288
#cff100,365
#2aa63a,780
#e8e69f,213
#577cf5,497
#652cf6,810
#79f6f4,455
#11ccdc,823
#d16063,187
#cfb2b0,206
#5ce8ef,662
#feb786,159
#9cacc6,269
#9ca08c,227
#8a36b1,426
#bb7148,174
#7bde3f,611
#1a3055,253
#5d5132,132
#450251,239
#730f44,266
#003a06,197
#e7ad79,205
#e24e75,291
#68be5f,371
#894098,301
#e72fc2,607
#8699ee,309
#6a1fce,701
#872b83,372
#d79bac,220
#ac93cb,250
#096013,460
#5b0891,507
#fe1d66,411
#22695e,336
#9a5c0d,248
#be9ee2,282
#596416,188
#d17778,183
#d1b66e,220
#90a65d,192
#3bbeaa,681
#d54db9,374
#7a003d,237
#47c25e,628
#8d3f90,285
#158a2c,685
#dbc2ab,219
#a26c1b,243
#a7cdd8,316
#41b178,518
#2f1f7b,451
#84eb86,398
#e2f8ca,185
#c052e4,384
#b25aed,343
#52ef99,629
#4081ec,609
#bbd14f,269
#7fb798,250
#2cc18e,643
#085782,360
#3dffc4,668
#79ac3d,329
#173d61,288
#dafe82,202
#cb9500,305
#916999,202
#efb9be,209
#98fb5c,410
#ff8765,133
#bfcbaa,225
#c62f4d,337
#6c7b66,180
#cf4658,238
#67f059,606
#2f158b,610
#94a6fd,251
#9739d9,533
#ff6d14,229
#91ec17,741
#2b3fff,673
#1e1e58,292
#d93fd3,537
#bf11af,624
#3f16f9,1136
#5b0bbf,753
#9d0d6c,396
#fae277,180
#505b8f,242
#b32df9,587
#eb6be6,317
#f231fc,568
#251430,149
#84a2b8,267
#511d89,426
#9ca6f4,294
#8489e0,316
#2b0376,450
#3444bc,589
#70b1ea,452
#3ba7e5,737
#374475,265
#fb2076,441
#47b42f,873
#001553,242
#fbd127,324
#ade47c,295
#926ee4,323
#908261,163
#a88fef,275
#4ab9ce,669
#00948b,507
#6e4ca8,295
#f53176,435
#412355,205
#ccb781,216
#5ac7dc,653
#b48953,187
#bdfee6,236
#b503d1,677
#2a9656,504
#7173a1,216
#d55b75,227
#167dbb,596
#f43a54,362
#b6e45c,315
#93601b,231
#0024d9,1081
#fa63d5,291
#8aafcf,315
#dc97b5,241
#c9cc66,212
#564330,124
#33a27e,505
#3e00e2,1110
#94c900,527
#600a39,223
#3b0093,570
#4c319e,399
#8a4488,253
#edf7ac,179
#bd3e33,252
#3d021c,113
#5e9e75,259
#fc5931,298
#ff1b55,414
#496803,230
#983888,313
#86cc31,540
#616117,173
#79b8a1,268
#8b8dbc,243
#48a07e,393
#5b00c8,664
#3a91fb,551
#c7ebd8,267
#8b500e,241
#e290d0,267
#704653,120
#fd8f20,278
#d68e38,255
#f23387,448
#5d4030,130
#90286b,315
#c86be1,323
#c25357,179
#cddb9b,217
#9072db,306
#266d01,469
#b662ca,308
#60249e,476
#faa800,239
#ad54b3,301
#e1e5cf,250
#42f18f,662
#c576b5,249
#a6b6f9,252
#8fa1a6,257
#f283e3,268
#e7251a,706
#422fae,563
#860967,353
#a2f968,351
#cdb59d,208
#6f547f,182
#ad38a6,408
#bd043a,392
#084fe4,710
#e5fe44,430
#b25a81,191
#528e8c,304
#a76832,209
#fedeb3,161
#ec7b8e,218
#ddeb80,218
#ba9b28,270
#bef451,323
#ee60ff,257
#cef11a,499
#cc9cc7,251
#004495,382
#00dfce,737
#83e3f0,418
#7f7bc9,289
#b07ccf,284
#15d600,1399
#8964c4,290
#cf7b5d,177
#34b36f,590
#0089e3,537
#a55da2,249
#5cfbd7,695
#bfe300,483
#b366c1,287
#bbc3fe,210
#81bc31,452
#00e482,654
#4ab41f,865
#004eb4,479
#a5e3ad,288
#563c66,169
#9f47a6,313
#a4d700,525
#91178b,481
#fea27a,150
#3a3079,302
#131f0b,137
#8cb1bd,286
#f683da,257
#1bc600,1445
#6dc000,630
#7b554f,116
#899fc1,267
#deb350,234
#b0a8b4,238
#799a6d,185
#f7f683,187
#d2ef52,301
#6778f5,408
#00c72e,1203
#133346,201
#c4362b,362
#5dd12f,877
#2e2274,383
#ece860,263
#7d5547,126
#64d4fd,497
#1f1b5f,340
#8cf7ce,328
#da2d82,494
#554bca,455
#ff743c,201
#d3d6c1,254
#a66378,151
#347383,368
#8e41d9,450
#bf8266,155
#e6fd33,487
#d38ffd,229
#f90da0,478
#b8deb7,247
#4be8f9,663
#008953,460
#334e1e,209
#a6a7d8,272
#9c4326,206
#7493bc,281
#5577b2,344
#b74532,219
#dc8b43,221
#96e79a,344
#5b2c43,141
#00e1a8,715
#f6e38b,196
#bf5846,180
#3e3d1c,117
#d6f7fa,222
#6a2517,189
#d3e4ff,193
#e748f3,458
#a8b8e6,295
#051311,161
#555ed0,457
#7abb73,277
#a2e1ca,305
#430f7c,437
#2ad27f,751
#de1f8a,612
#694a53,108
#84db79,365
#f4327e,440
#b19e35,228
#f4f961,262
#d8eb94,211
#1f3e9e,491
#ffa52d,273
#012200,104
#8b20d3,705
#38acc1,663
#374e07,198
#e34e6d,277
#cc655b,176
#6e8e3b,240
#7095b3,279
#bb23a6,535
#3be500,1210
#56a221,552
#b4f57f,256
#f0e581,198
#d800c5,652
#de4a9f,360
#88d98d,334
#2b6955,302
#aa000b,530
#62400c,175
#4f8522,392
#1e438d,404
#5951f3,530
#8d7ca6,203
#3e69b6,484
#79fd88,419
#0007f3,959
#d1ffa1,200
#89873c,172
#c7b794,217
#d58e43,221
#d3605b,189
#6bde6e,479
#67596f,143
#930023,291
#64428b,253
#ba0951,373
#59431f,148
#8c604a,147
#c0000c,629
#f612a8,492
#346a34,304
#c44a89,271
#5ebf72,389
#1c875c,462
#2f5bb1,525
#ba2bf1,634
#8d371b,228
#28161c,133
#b05e70,154
#b4a1e2,283
#975484,203
#c1ba8b,214
#181837,186
#7db2cf,354
#b195b0,199
#7c08c5,698
#92e986,360
#32964d,503
#516166,194
#ff98cc,175
#5ac230,756
#d93d3f,334
#4d1364,316
#6f3a93,302
#00e0bb,698
#23dbe1,891
#938258,160
#2ca559,576
#839a12,345
#d40b3d,453
#ffa8f6,172
#069668,503
#d7050d,757
#a77ae9,297
#7e80af,226
#ceca7b,210
#048765,452
#6c9a87,222
#94da40,486
#043255,241
#f73931,473
#e1fe60,269
#d4a358,211
#d67381,200
#c63eab,418
#f51fff,436
#528efb,446
#14e54b,1134
#5310f0,1103
#bb6f6b,147
#a1c293,205
#333861,228
#3c5a31,192
#bd584f,162
#8a1341,286
#f5a683,186
#5d7148,156
#669f46,297
#1d7583,418
#65aa9d,301
#c0f442,400
#b97bbd,258
#d4d8a5,227
#96e97c,359
#de7155,194
#43103b,187
#33783f,371
#f0f5c0,167
#f9380a,485
#7a0910,296
#9affff,260
#28501d,276
#0e0d2c,152
#8b123a,287
#c7c2ec,248
#dbe7c5,239
#aad0aa,228
#674c43,122
#9c1a54,308
#35e0a9,772
#2c457d,333
#5e5e5e,175
#8700f7,339
#2c7194,436
#3b3b3b,129
#62bd85,360
#90b673,208
#af3fe8,505
#eb006a,428
#ef6fcc,293
#dc44b9,451
#495552,174
#969448,176
#735187,206
#80b6aa,269
#7a4523,190
#c582ef,278
#59d13e,805
#7500d6,658
#c4534f,182
#2a8665,422
#c2bc64,196
#bf3e15,351
#25919d,542
#b5d333,412
#72182e,208
#060369,402
#579ba1,361
#145a6a,314
#633edc,536
#3ba545,606
#9b8127,218
#ef6268,209
#64af5c,319
#100739,216
#94548c,219
#3c4666,200
#7835d3,530
#8c559d,248
#00429e,422
#9d222e,296
#7f6807,172
#d1ee8a,215
#ebcecb,219
#a8777c,134
#0046cd,550
#e1b338,305
#f0d446,280
#611115,209
#235e31,317
#a64d6c,174
#c0e15c,280
#43ff92,514
#00141e,96
#00aec9,528
#96adcf,284
#00f564,589
#f17bff,179
#c8e9eb,272
#e5e6a9,221
#8e3711,230
#a4a154,179
#ffede7,174
#d678ef,280
#c9952a,279
#ab50c4,340
#a5c533,376
#cadba5,221
#4b85d2,549
#1c4c5e,266
#453a1d,123
#a49117,262
#ee1cc2,642
#154333,199
#8ce3e6,421
#dab9ff,192
#d6dc44,343
#a7a9c6,253
#6118df,936
#6f85a6,247
#a4b34c,219
#113630,162
#d815b4,665
#daeb8a,213
#a2fa12,585
#5e497a,189
#fd1e6e,426
#24a5f7,680
#b9d6ff,193
#7ab0e1,413
#dc8873,190
#e65201,392
#83d996,338
#b2895c,182
#bcaa7e,197
#b82e9e,478
#1945c5,665
#552a61,217
#3f08b1,843
#6a5f08,167
#e5808e,224
#ef972d,316
#c3fedc,228
#bc0542,373
#9cc662,253
#430b4a,236
#c76952,170
#5c5309,147
#ffb490,142
#36f459,851
#ce2bbc,588
#a113b2,626
#6caa94,266
#f64abe,389
#199bce,713
#572f3c,123
#023a78,325
#91e7a4,347
#e75abe,346
#34a54f,589
#00024e,251
#6fb5cf,417
#f4b6c7,208
#d4ef44,384
#0085f5,536
#be3e20,330
#00daf4,763
#3a0e58,282
#9c9315,269
#805bf0,336
#9a1073,427
#2e5d14,337
#16894a,482
#f8dec6,193
#881d2a,264
#fd81c8,207
#75a2ca,342
#b825af,549
#691c53,258
#cf4b15,363
#0049c5,528
#d70400,656
#344b46,176
#3a78c3,554
#47a2f7,581
#5df23e,1016
#72df19,901
#242717,120
#c7799a,210
#88345b,202
#d0d9ae,225
#866163,118
#c2f431,454
#006c4d,340
#67b021,538
#a14e7c,204
#ae8788,142
#6a74aa,242
#91cef4,363
#2c0845,215
#f2c029,333
#876341,164
#0a2f64,296
#1c065a,349
#260453,274
#2da0a1,566
#597e76,205
#3cc500,1273
#006d3c,335
#694283,233
#702cb4,509
#ff90e8,182
#6750ea,445
#873073,285
#324ae4,754
#ad2a58,304
#2200ea,1309
#b46133,196
#667023,196
#f5cdaf,189
#8dfa9d,343
#4d753f,218
#c95114,338
#bd6cf3,290
#0b4512,291
#aa8c5c,187
#a47c50,181
#d5082d,505
#3c0701,135
#d1dd68,234
#6dbd73,324
#bf209e,527
#466cf0,558
#f88d89,178
#29c37b,653
#8dd2d8,371
#a38d77,171
#b452a2,278
#001e6e,309
#fdffeb,142
#e27db1,261
#bccd97,206
#ca2dc5,598
#584328,137
#c2ff8c,181
#1a6587,406
#b66c96,204
#00601e,397
#ecf1fa,182
#49cbca,720
#7459bf,301
#d59e9a,195
#e82400,502
#354e14,210
#7a66d5,315
#f3f798,177
#e3d900,505
#e88358,197
#7c747f,184
#7bf9ce,410
#00125a,274
#45c17c,571
#743502,168
#8b56f0,341
#fa217f,462
#ef66f0,301
#421674,385
#452a13,133
#751610,255
#8711ac,618
#2c7ea9,517
#b1781c,259
#cace01,424
#8f6039,180
#9dc721,476
#ee80fe,229
#f83826,569
#77004c,254
#b5ceaa,225
#93c680,255
#fff647,355
#02531d,331
#8c9199,242
#b0849a,178
#9f00c2,648
#a2f2d8,288
#5c2f8e,328
#b99784,173
#7d9964,183
#67dabc,513
#c0852a,261
#4ab16f,468
#bea975,203
#a834bf,509
#ad32b7,497
#005cfc,483
#8ed4c6,323
#ad4c4b,157
#ba3bd6,524
#005f39,290
#ea92a3,222
#1d1793,685
#6404b7,670
#540765,324
#005405,292
#a3553a,166
#6029ce,672
#f3c011,344
#9a9433,210
#d7a244,235
#9c16ba,674
#0e0015,119
#9ec480,224
#bbf600,276
#769d31,321
#47a350,461
#3f674d,202
#735667,127
#b27551,170
#aa9f5e,184
#9693f7,258
#54b2fc,528
#57d06b,555
#ba3f4c,205
#3a508a,329
#d46cb5,273
#6d1f27,194
#dfcfe7,247
#be984c,215
#9e9e9e,248
#b4b9c2,263
#b7ae41,220
#5073cc,478
#eb1138,469
#4d98c5,532
#398800,511
#345c28,250
#c49656,204
#0c1b37,176
#6f7d43,167
#e1c637,358
#31a46c,529
#11677e,383
#52e9e6,781
#900e08,400
#be0332,417
#5c2852,197
#f3768e,214
#30408d,391
#b45a78,180
#fb5de7,318
#6f7e00,240
#33285d,238
#453cc5,583
#2d5192,405
#5dc11e,815
#4be263,811
#0e1e22,144
#ded1d4,257
#0015ea,1263
#0e193e,202
#f8d147,244
#8a52ae,290
#473c85,281
#097b35,463
#7adb8c,378
#2e5b4a,237
#b88380,149
#a91a90,514
#f1e736,438
#922d4c,226
#e81659,505
#798c30,231
#6314af,652
#ff8880,138
#868900,225
#4c213f,164
#c186e6,299
#4e535a,173
#ebea00,468
#b4464c,175
#e689eb,274
#1f29a1,607
#a2e84f,428
#668e57,209
#573bed,671
#2f1a83,530
#30766a,347
#867718,199
#52a15a,348
#7e39c2,433
#f7393a,418
#a72d70,329
#7f73ed,313
#c38bc2,250
#556c8c,233
#94d2cf,332
#20296c,347
#847fa6,208
#d5578e,270
#ffb1b5,146
#240711,119
#427f90,362
#e6bfa2,209
#7e867b,215
#5b5316,141
#3a9371,421
#6e6e23,184
#0081b2,401
#516615,222
#f9cf7f,175
#bf012a,439
#6961f9,363
#9d8101,199
#96f8a7,296
#24ffcd,665
#4859ea,603
#5c0d47,248
#2677d5,656
#b8949e,172
#34debb,803
#58df8c,585
#dbf6f0,212
#daf9dd,197
#35006f,367
#fc99d5,201
#0002b4,732
#934270,209
#8fa832,298
#aad46f,260
#d6c951,255
#f2d174,195
#f4cacb,205
#63d100,784
#f7306e,423
#aaa4e1,288
#e3c60b,431
#4d76c4,466
#992a13,318
#2e411c,163
#835a9d,237
#eaaf16,390
#5d99aa,348
#59c05f,467
#a8f94f,390
#f7e554,267
#b03d8d,314
#fb2d4c,385
#f2ac18,347
#989264,162
#e8e4bc,235
#da7642,214
#20502e,261
#376476,302
#0b1306,164
#55f17b,650
#cba662,214
#94d86f,324
#0c4152,228
#a335c8,522
#5c805d,182
#3db366,563
#dfa6de,275
#f09ede,240
#edd45e,227
#a855bc,311
#2f882d,606
#704b00,159
#3d4e92,350
#f6eefa,177
#f8e547,307
#991c64,335
#cb66ea,321
#55d24a,735
#7efd7e,416
#596a94,239
#402d09,121
#bfa0d0,260
#5d679c,243
#ea675f,205
#610047,221
#f09bf1,226
#9f8b9a,181
#4a654e,164
#95482f,182
#fe35d0,469
#f0348f,470
#65e6f9,556
#d093f4,274
#f42697,512
#ee6270,218
#2ab53c,901
#c2a787,194
#803283,296
#d6790b,348
#968cab,209
#8452ff,304
#8a9825,280
#083828,159
#e28196,233
#061e29,131
#f37a6b,181
#699f3c,320
#7ee7d3,451
#8a5e6b,127
#e5419f,442
#fae09f,176
#91afc6,279
#ff3a9c,359
#982a25,272
#c685dd,296
#8dba22,428
#5afeb0,583
#761604,237
#507351,186
#009a20,750
#1d686e,339
#70de63,484
#7ceaad,401
#7c3b6b,210
#663d20,167
#009939,649
#c4a77e,201
#613d38,121
#c0dea4,235
#46f33e,1243
#e3c467,223
#3e4c14,170
#646794,207
#9a95e5,293
#b41270,453
#8cca4c,352
#c6449a,332
#a0b460,191
#bd5470,184
#b75d4e,151
#836452,135
#e09c6c,195
#8157ae,274
#ff8b21,252
#994440,157
#7f0086,421
#253507,137
#6439e5,596
#5bef8f,583
#a372af,241
#7e5aa5,257
#5be13e,962
#1dffa6,509
#cf007d,515
#9d4311,248
#212773,380
#f2ac00,267
#274213,198
#cfdf34,447
#a960ed,329
#387561,300
#22577a,346
#b7d165,236
#adbea6,234
#929276,194
#000f62,310
#00aaee,547
#655e4e,145
#f19189,187
#17324d,226
#1f84ec,725
#294208,190
#c87e5d,167
#cd924c,209
#00c668,563
#c2dcb8,232
#943105,231
#af7662,143
#b55edb,341
#91b84b,270
#7244b9,356
#fd5925,359
#ebaa8c,206
#e376d4,313
#236ead,523
#3a575a,202
#1d2e5c,270
#940393,470
#cc7889,196
#2c3138,140
#685298,243
#df2a69,461
#d4c3bd,234
#226a4d,336
#a3d71e,591
#714e98,254
#d20e4d,451
#b0ceb3,227
#fe7dda,229
#d9fdac,213
#d6765e,182
#94a64a,204
#76565f,115
#de0ca3,623
#99c840,356
#96b299,209
#60eea3,560
#1d077e,576
#5b62ff,371
#3cfdd7,738
#c200b7,558
#150e18,151
#c4a499,183
#ccc8a1,232
#f0004a,344
#f85582,253
#7ace30,610
#6786af,273
#b44eb3,322
#59d9d8,699
#00a6ff,390
#d47767,180
#9e57cd,339
#a492e5,292
#5400a1,553
#2480a1,509
#b36ab0,249
#257950,378
#a26fc1,270
#00344d,193
#546434,160
#8f323c,185
#f6d15f,211
#7a2f9b,405
#d29ea3,200
#472489,393
#949cc1,252
#000dac,789
#bd58db,355
#4443b4,484
#04a38f,582
#a31526,392
#d2b827,357
#87d4cf,376
#4dfeba,606
#d9567d,263
#672144,202
#2b2864,288
#af5fe4,345
#6f5d23,157
#e08761,189
#b54164,221
#ad486c,196
#d2e8d9,254
#f4bb8f,198
#a2e59a,305
#73638c,185
#6782c9,337
#ea8cd0,265
#f800ba,393
#3986da,679
#fe79ec,227
#7b5e9d,228
#b97eac,227
#8c1132,289
#008587,407
#1b1345,237
#00c748,757
#00d63c,1010
#945f0c,231
#fce26c,186
#bce091,243
#729890,230
#a17bf2,266
#f6adff,178
#eca2d5,247
#340537,164
#4e2da6,463
#a05abc,299
#a51409,513
#2af464,783
#faf2c0,179
#f29180,179
#40854b,337
#daa7e7,267
#639f50,291
#b14b32,199
#e02a61,458
#dc35dc,637
#6633b4,434
#003c70,295
#b48b00,250
#3d8376,343
#8097ff,231
#1e5c4a,282
#edb7da,239
#95b833,352
#d14071,313
#00d555,904
#5a66f9,440
#18519b,461
#0c2a2c,142
#ffb915,236
#56ebd3,738
#fc8f3b,233
#e05800,401
#f0dfd9,224
#dec651,253
#5f8138,232
#9179af,225
#7dd9a0,341
#93c1c1,288
#a0d1bc,255
#306a3c,311
#95bbef,318
#8bf3f4,376
#b58949,202
#8f63bb,282
#f17a74,181
#d7ef1c,546
#5e7e6e,192
#e200ac,499
#b8ac6b,196
#b42fa6,487
#68c3ef,521
#20b465,630
#7f20ac,558
#151006,154
#2282f5,679
#710c9e,568
#dad2de,260
#532671,283
#ffb4a2,150
#a3c9fe,255
#f67fec,253
#82dc59,435
#006028,313
#4c852e,360
#62603d,134
#afaf6b,182
#da9d88,190
#72f9d7,501
#4b481f,129
#0f1153,307
#c26a6b,152
#c9197d,535
#ecbcab,194
#e9834e,207
#009943,540
#e3aba7,214
#35c8ef,743
#573fe5,633
#28ff29,916
#9e5931,198
#d9acc2,228
#99def9,313
#4856f3,599
#d57a2c,290
#ca4d4f,206
#00ecef,763
#232242,187
#588c94,289
#ad0599,512
#dbb365,221
#4e3b7e,245
#cd2245,408
#3b2946,143
#8e2283,422
#9e3678,286
#ff6dfe,197
#c08080,156
#00c8f8,634
#d370a3,241
#a54984,231
#64e058,602
#61110c,230
#675f22,157
#6e6c49,146
#c3be0b,377
#dc9f59,219
#639e6c,240
#b17659,152
#0078de,594
#83746f,156
#e0545c,242
#8731c2,515
#00dbfd,421
#08200b,132
#8a2a7b,360
#881c23,280
#5f2fc5,560
#b5e0a4,255
#b43695,395
#803ef3,502
#48950f,617
#c13744,274
#cc4769,251
#3d8bb7,534
#d3b810,398
#913a98,332
#e2d923,510
#7d8b14,295
#c8ff2f,298
#6e7f15,260
#424a27,133
#605ec7,351
#ab76f2,283
#0b6d33,397
#a61d99,515
#86fe2d,689
#155392,440
#31321a,115
#beffb5,188
#610489,446
#be8540,207
#cd8f72,178
#f46144,220
#7a82a6,226
#704b0c,197
#651669,327
#b6866e,157
#fce400,356
#446276,234
#38091c,124
#00feea,617
#b4ddd4,288
#7eab53,244
#7129ed,730
#94ea5b,424
#ca5ab0,294
#8c3724,202
#deed44,394
#a1f4c5,266
#f1cbd5,212
#489260,328
#ac5c91,220
#c7ce35,373
#bb9b17,316
#bd5c00,263
#c1be25,353
#84541a,220
#77fca7,430
#0e92ff,417
#3b0660,320
#aca9bd,252
#1a00f3,712
#3f4c08,167
#767c16,222
#4b9083,322
#7d377b,256
#a8c502,419
#dad6af,234
#96a467,177
#d042e5,511
#0166d8,659
#4b5aa0,329
#c28eb0,228
#7f8861,167
#7c6bbb,270
#665f2c,139
#669b90,253
#d58c72,177
#f5f78e,188
#7a18bd,684
#0b5313,375
#1f1922,151
#476ba5,362
#474556,152
#945a63,125
#cafce6,231
#4c489b,314
#dcda5e,259
#02117e,496
#6dc5dd,511
#45deb2,725
#aab30d,353
#2700cb,830
#ce4760,239
#af3007,352
#a15dab,260
#d5d2e7,261
#d8da73,222
#2b5013,265
#bde31d,584
#106003,434
#e05915,431
#466821,264
#bb8377,147
#bbcf7a,206
#8c88d7,291
#619044,257
#851e39,240
#5cb206,622
#3c3d24,114
#169294,520
#6c8e45,226
#a23e27,220
#e372e6,311
#a9f2ce,270
#de592e,312
#7031e5,650
#cf4b22,339
#923124,222
#ba995f,200
#00b7fc,528
#df3340,424
#e5d588,214
#3aa363,500
#e541ff,473
#9f3b60,199
#7191ce,335
#6d5b4e,132
#5331cd,650
#00afb7,586
#2e0d93,700
#d38c7b,174
#c047ff,353
#943d80,265
#b3aa99,227
#d2b2a7,189
#a9c358,235
#740ece,756
#2379cc,645
#082742,196
#8481ff,205
#9d5939,178
#a8002e,348
#81fab1,365
#3a6bad,449
#abe65b,351
#f0d27e,193
#46bdb3,632
#42908c,409
#417813,419
#001618,71
#78583e,147
#d18f60,181
#8e6041,163
#f63943,394
#3b8738,446
#950013,345
#a06cd2,303
#c76d00,223
#301951,244
#84a594,212
#96806a,158
#f7767d,192
#57832e,302
#5c0256,263
#ffd9e3,164
#554c7a,193
#de4f86,309
#1e965f,524
#d339ee,587
#9a2445,270
#824598,285
#ec4b18,435
#308ac9,644
#3441c5,637
#8033cb,521
#1255d3,664
#905595,233
#887543,152
#7feb90,403
#00a759,545
#8791a2,243
#7dcc57,379
#d13a8a,409
#4cf265,763
#be6b7c,171
#6c6dcd,325
#953fd0,443
#72ff72,454
#c8aee7,263
#beff97,180
#c8b0d4,246
#40655e,208
#50942f,433
#d3dc5d,256
#d5b19e,195
#58f24c,861
#e29988,196
#6bac82,265
#f0b6d0,221
#5e4393,268
#440583,471
#291429,134
#8fba06,432
#8dc3b8,281
#799d10,377
#bb5192,255
#ba3485,386
#8270f6,308
#b4c14e,232
#e600f7,432
#b48ddd,292
#585b87,208
#f66030,298
#071576,474
#4a4827,116
#97481c,234
#d84cb0,371
#00a675,460
#271d51,247
#943112,258
#93f993,328
#6a250e,182
#ccf232,462
#498538,330
#7efc9d,409
#3d0067,290
#9a7b8d,149
#3e00ba,755
#002c1e,108
#b9d15b,245
#b0f3a8,248
#ca55c1,331
#3d2a88,386
#6b6e37,146
#d5ec9e,224
#a600f4,636
#b00bd9,719
#c697f4,270
#ffabe3,164
#157a48,423
#ecc300,263
#83662f,178
#da9f63,202
#288900,636
#da5197,312
#612a2d,134
#c1edcf,252
#1f1867,411
#1d6d1f,517
#4749dc,642
#819b24,308
#7560f0,338
#dc5a4a,224
#4a8bae,440
#48663d,181
#11c385,628
#f37e2f,302
#00a486,453
#ff6e3c,193
#74168e,478
#6cf04d,644
#00b65b,618
#d2c5ab,236
#3f1926,123
#cd6810,353
#80995a,187
#e1d774,229
#0362a0,440
#9f0b64,370
#b555f6,344
#666e49,150
#220425,126
#f49dd5,223
#1fa562,586
#34a8dc,740
#181c22,152
#379460,438
#ea985a,201
#ffdbbd,135
#6a45c2,373
#a07f3d,198
#c7628e,216
#087394,433
#eef983,200
#e6faa2,191
#6533ed,677
#345a42,216
#b1a6c6,239
#441526,138
#45817f,319
#dd8eeb,273
#4e7600,299
#e3e0f5,223
#a841f0,454
#fb9fa8,174
#d45fea,346
#b349c5,368
#f3614d,203
#00985f,438
#bbae11,343
#8265cd,299
#09287b,397
#76406b,186
#b69cfd,226
#8e7505,185
#00eee6,700
#914c0f,248
#58bf7c,429
#6bc01f,653
#f0f978,202
#db2bee,655
#6524ff,764
#a3759e,204
#d46052,196
#0d0d5a,359
#2e9568,469
#d7529f,314
#4537ff,719
#4a3825,123
#75bc5f,314
#a4f789,294
#5ba200,342
#7d6924,179
#2d68c7,596
#ef5d8a,258
#f3bd68,186
#2b00c2,1059
#15273b,178
#283e4a,192
#501c47,204
#ca7892,201
#a19133,208
#c35712,319
#746cc4,289
#8d5e63,117
#7e0096,358
#00c1b3,622
#bf3e05,330
#abd533,457
#e37021,380
#2a6866,312
#b775e1,314
#eb1fcb,690
#007ec3,471
#e4fc83,203
#ae1fd1,698
#8dd5b3,311
#56642b,165
#43474e,153
#db5575,254
#a62dd1,629
#d564d8,329
#69ef7b,499
#f0e746,345
#6f0662,322
#ff7312,285
#856f91,171
#aabad4,285
#447551,229
#69213c,190
#dad892,213
#dcd4c2,249
#932764,302
#a3b500,229
#ee3597,489
#5c6c83,209
#38b5fc,616
#ff5357,201
#71114b,270
#92945b,164
#bcdeae,243
#bfefbb,245
#56cac1,608
#b8819a,189
#7c1cee,763
#5cdac5,625
#984060,180
#94fc2e,684
#da53fc,323
#793883,270
#aae800,491
#cb43ed,472
#b719c0,694
#cb33ff,388
#698e4e,213
#0d353f,185
#39494e,169
#002067,276
#dbaea7,204
#7fa69d,240
#d18c84,174
#866609,195
#c289d4,284
#aae3a4,284
#89eb7b,392
#d1b837,305
#a194dc,290
#2f1029,128
#c2b6b9,239
#0e1c67,374
#d1911b,320
#65b5d8,520
#e9ea1f,580
#5a79a1,274
#99bfcb,293
#da5e00,362
#a33e12,261
#827db8,238
#002cd9,679
#e4659b,276
#8de4d3,386
#7d2b22,199
#55615e,181
#d88e1c,337
#27313f,159
#609111,421
#cd6ad8,307
#4ba40b,689
#f029a8,537
#233337,154
#6df6fe,477
#4289c0,539
#63510a,156
#918cb4,222
#70ad5d,276
#65224b,220
#544793,266
#b5e500,488
#fe5cde,286
#cd4c35,255
#007a59,330
#ef444b,302
#2f3300,80
#b131ae,490
#3027c8,961
#f66024,354
#d783b9,254
#b29c5f,202
#83ec66,442
#ffff9b,124
#f7c2ff,154
#f2b9b5,202
#891b9b,506
#ddfe77,211
#e7af45,246
#ca9519,320
#dfbdd0,237
#0059ff,381
#7300a7,536
#52d300,999
#498e94,378
#9be0e6,373
#ac8bf8,249
#6c6c51,151
#da9aa3,209
#bd5089,236
#a4d483,260
#00d475,743
#e65216,433
#ee77a0,237
#cfb778,222
#64ff67,579
#c7dd91,224
#67902f,314
#5b63b6,320
#cf4179,319
#4f2038,148
#ff00d9,300
#8c2e63,255
#482f69,225
#5f80da,446
#ef662f,298
#c8e100,498
#53543a,127
#f597fa,219
#e2847c,197
#a0cde2,339
#6ff03f,771
#009756,507
#447083,304
#88aee1,355
#b69b4b,206
#edddf6,210
#d16436,229
#98943e,188
#78c99c,307
#8e7166,129
#ea7f73,191
#766762,151
#61812e,261
#e18af4,266
#bfab42,224
#274c56,237
#fa718e,202
#5e0b40,235
#ccbff5,238
#7b4dd9,387
#d77655,182
#333e3b,139
#b3d342,336
#6c36a3,363
#cfc898,229
#8d630a,215
#30b6f3,712
#355952,207
#a68c6e,168
#304866,247
#afbbb8,267
#646035,132
#54abaf,457
#d40065,420
#ab8a77,157
#e8007a,519
#d8ef00,422
#843953,165
#a388a2,183
#4a0e27,146
#1e1830,161
#385a3a,198
#8c46d0,400
#f6b0ec,212
#89818c,197
#8dc1ca,322
#dfa3f0,245
#77c4d3,420
#8d9dca,272
#d48f4d,202
#47c4ff,491
#17092c,156
#ad625f,136
#aee39a,278
#622353,230
#48762c,300
#f7f846,464
#004623,204
#266197,428
#0014a3,705
#e5a8b9,235
#f92e5d,393
#d7d89b,214
#efd453,246
#9d5374,172
#ff33c7,425
#576f6a,192
#751718,249
#de886a,187
#d8b194,198
#b0b034,273
#a1a333,240
#715c09,167
#bcaff9,227
#ba8dd4,282
#a5d1b3,242
#fdba5e,160
#c2e150,312
#98907f,204
#5ab220,648
#514e72,181
#324008,156
#769b5a,212
#e3ae8c,212
#b32728,379
#46ff3d,1047
#e3a0fa,215
#5c73c4,366
#aaf841,485
#cb4c47,212
#6fdab2,424
#e66493,265
#8e5dd6,343
#195036,257
#b427b7,567
#5975bb,352
#985c26,227
#165f28,380
#85c2d4,361
#00649f,290
#e100ff,312
#e425dc,717
#ceee94,221
#fff18f,110
#698d69,184
#00d1a5,643
#505f76,201
#002aa9,553
#219571,512
#a0d66f,295
#562fff,825
#bb0069,354
#aed284,231
#70f8eb,528
#0081a9,504
#9efa40,559
#903be2,524
#7f68c4,291
#bdb8af,252
#8f494f,136
#f27e3a,247
#caecbc,235
#ff150f,472
#c85221,313
#134424,236
#941f73,382
#113fd6,777
#8ba849,229
#56eead,637
#5e8a9d,287
#794a98,265
#00bbea,582
#4dae94,447
#812050,263
#c7b3c2,228
#709f0f,418
#d8a238,273
#faa38c,171
#918ea2,220
#f20030,319
#7d1a6e,370
#705d18,172
#c9df5d,259
#57449b,290
#e7f1ff,151
#926026,217
#3bffb0,580
#535616,154
#a4b174,185
#856619,200
#9a789e,188
#ff61c3,245
#373d34,128
#cf60f3,314
#abd28d,241
#622a26,142
#bbbe59,206
#c6ca97,214
#5e34bc,462
#1c5f1e,417
#c7acf9,220
#0e6e00,528
#c173cf,295
#4b00b1,549
#dac925,418
#664a5b,119
#caa487,186
#ea00ee,453
#007fbb,432
#888561,162
#950009,380
#499444,388
#1b3b69,298
#6ca3d3,412
#66cd89,402
#c68ea7,206
#c5c9b4,260
#9b5663,139
#4b2b71,262
#258387,451
#d0ca71,211
#6ca8a6,291
#f03c6d,372
#a1b27d,187
#43917a,379
#7487fb,287
#3b080d,143
#89006f,325
#788c3b,210
#a4badd,307
#e061be,327
#d196e2,283
#6000f0,690
#c79ae2,286
#333029,110
#d0de20,550
#3a2006,111
#b481a3,205
#e2534a,240
#281137,172
#4a0d74,398
#00658f,355
#d8004e,350
#c55247,191
#bf28e8,682
#c94879,262
#d992e2,284
#98a095,239
#e33ab9,549
#87c980,285
#553a76,219
#cc3c9a,414
#643176,247
#4affa6,547
#a3d2a0,242
#8090bc,254
#565432,124
#ac8c53,196
#6fef70,478
#eb04dc,623
#5c6f62,178
#74171f,238
#caa1a3,185
#7b0905,300
#144500,208
#c5cc7a,200
#79300f,196
#bb0749,363
#913e88,278
#733518,192
#010840,224
#68ad70,283
#a9ffff,248
#8c75d2,296
#8bf8bb,308
#af5b89,204
#ffb947,187
#d8c3b4,229
#c62fce,618
#8b382c,174
#7c8869,187
#c15360,178
#a41415,479
#e3ea5f,266
#72be3e,440
#cd71b5,263
#dd725e,199
#5aaf6f,352
#71fbc4,460
#a958ab,274
#ac64db,334
#5b1915,187
#b5e287,263
#a297ca,254
#006fb6,482
#a7a140,199
#4fb247,541
#09c553,821
#e99863,190
#beb6c2,240
#4745e4,692
#471419,144
#893c02,190
#115e41,309
#617202,204
#df6a92,258
#657bec,413
#cf87b9,241
#fb5471,232
#d1a529,322
#d1add5,248
#9577b8,245
#00895c,392
#bf0021,500
#749d3c,278
#0b29d0,972
#9c6ae4,331
#999cb8,237
#9e99c1,236
#e22959,447
#006b5d,333
#00b73b,865
#c3b1dd,264
#fb85b6,207
#6e8de9,395
#c15734,204
#ab91dc,290
#7c62de,347
#332310,112
#d8a06c,204
#aa7b1b,252
#f5b3da,218
#8d6cf6,300
#891c1a,305
#53348e,308
#f82f65,401
#b7405c,217
#648d72,197
#eb70d5,306
#4c8076,253
#323212,106
#9f4b95,269
#e4b5ff,188
#f8cac2,187
#6e6494,202
#8d9800,243
#b88835,234
#75df00,675
#131aba,996
#869764,171
#547422,271
#90963d,200
#e7477e,334
#c8522b,261
#e37ac3,282
#a83250,244
#ee983a,264
#5f4d5a,127
#dc7bd4,302
#f6a39f,177
#f75ef0,325
#c6b5b0,224
#491f91,483
#59814b,218
#84317b,294
#93a470,175
#9858d6,350
#bc7da3,213
#40a43b,640
#bc86ef,278
#f47d0d,336
#d568c6,308
#37003e,160
#65558f,218
#a2b356,200
#fa9cc3,195
#d07d09,309
#9caeb4,260
#fab5b5,177
#830c6f,399
#ead474,220
#b137f0,563
#d0f9f0,234
#c06b74,159
#a9448d,273
#f3a4a8,191
#f30027,351
#696fc4,310
#7c117e,457
#003830,139
#4e380b,144
#7d525f,121
#8a6152,128
#4c707b,246
#f119b9,576
#5e96c5,413
#a885ab,208
#7e9edc,343
#b2cad9,289
#4650ca,541
#bbbc81,195
#97f989,336
#d75f37,242
#5954a8,296
#00c38e,556
#e18757,195
#c4ba81,207
#a29d95,236
#91b3a2,227
#275b52,259
#5a3e4f,115
#2975de,696
#e3c18f,229
#bd7ab4,236
#adb5f0,258
#634872,175
#627e66,173
#7f7a01,186
#fa6ca9,222
#aa748d,170
#d6a7f0,246
#ec78a8,257
#ccb0cb,233
#c4bc59,205
#d3da87,209
#4c7614,332
#f18ea4,204
#104b6d,321
#46ebdc,845
#d0589f,281
#8b6325,208
#7a5267,123
#5998bc,425
#3fb3ff,477
#7e9b3d,243
#e9f5d3,180
#609dff,365
#8ac793,256
#f53a4c,380
#7c92b3,255
#a6e590,294
#75859d,228
#39f27a,709
#e1f4fa,195
#e13219,639
#231b00,89
#8d8184,190
#72ff3e,810
#016876,335
#b2e291,271
#af7834,213
#6acaae,411
#673d17,181
#b81b31,421
#9be4c0,319
#af8b3f,214
#d17a54,178
#858915,258
#fd92fa,203
#e23200,391
#d8dc35,436
#29ff87,533
#7a6938,150
#c4937b,167
#406834,231
#ab8791,153
#e84fe1,424
#f1c039,296
#900e00,296
#1aa7ee,751
#e79cff,182
#4b3596,346
#478600,392
#c551dc,388
#c56396,229
#a03a58,200
#474cd3,578
#b99b35,236
#e8fd18,507
#b3e467,305
#dd0000,504
#e9af2a,349
#ccb95a,214
#74ab70,234
#4a463f,132
#a1c54d,291
#fff199,121
#f17797,221
#d85f2d,291
#9f2108,380
#c2e9f5,275
#5c722d,207
#6e4943,119
#989aca,260
#896338,175
#b8451f,291
#5b3dac,363
#635a77,165
#5252b9,399
#445a06,202
#68fbce,573
#ff4c71,230
#009a00,655
#2c160c,116
#383371,274
#8f8546,163
#aab3ff,205
#aa6bc1,279
#73464b,115
#dba200,334
#fe74fe,218
#052583,436
#c5df72,227
#ff81bf,189
#2d6bff,461
#799b51,215
#9650f0,372
#e49c4f,215
#89735e,145
#d2453f,264
#561056,283
#82d1f4,416
#99ceeb,351
#6f1f17,228
#5f9b99,290
#3e3b34,120
#3a718b,363
#40b8e1,775
#4d0c12,165
#ff7331,260
#ff6b97,192
#58542a,129
#f30010,445
#77453b,131
#7125bd,596
#2fddce,905
#ce4fca,379
#6022d6,789
#ce1365,488
#0022ba,732
#c66d1f,287
#76295f,251
#5735f6,764
#d179f8,258
#f49177,174
#35201f,113
#875ede,349
#4c270a,145
#d6709b,239
#ff30b6,356
#f87197,219
#561f14,160
#bc9b00,273
#60c2ff,427
#bb8801,253
#49083b,203
#8deb71,394
#24002c,130
#ef4cd0,406
#ff8b09,227
#c3de9b,224
#a0580f,259
#a27c59,169
#009cd6,571
#4a1999,566
#bcffd3,215
#53174e,241
#90a479,187
#d34069,304
#474d8a,271
#ff9e7a,134
#0097fb,341
#9e4f84,217
#07ff92,496
#ddb182,213
#987d7b,141
#edb4ec,224
#a93705,279
#8d7f95,179
#424175,232
#97c84c,318
#83aa3e,284
#6aff5b,592
#e1eb6b,250
#ba5c34,196
#8b4a5f,146
#dd6a9b,263
#320b30,144
#c46d35,210
#82a0ca,290
#cf2135,452
#162b0f,153
#615887,195
#9a6f27,228
#829ce5,347
#e09f2b,330
#150c25,144
#beb4d4,253
#e0079b,608
#0b522e,280
#a96370,140
#567415,272
#ce54b9,332
#91207b,411
#29341a,127
#e771dd,319
#99c1b8,259
#7c3eba,385
#3e3c8d,346
#465fd8,581
#053637,156
#a477fb,247
#b8b2f0,253
#e77c9f,245
#86ec5a,463
#ffaed1,163
#d0db91,215
#5fff3e,1090
#683d0d,182
#41d8f4,784
#8a3454,188
#8292ab,241
#afb141,225
#c6f25e,276
#8b1b00,213
#a33468,248
#d153b0,327
#5cf070,622
#ccf075,231
#d5c5a1,229
#5f2e16,162
#b24b29,222
#d78e2b,308
#d995d0,271
#335862,249
#558254,207
#83007e,405
#47282a,111
#5b6405,178
#66a1e5,489
#435a15,216
#697003,181
#8a4bc8,366
#ca94fd,224
#ffdf6c,149
#410458,263
#f24219,458
#87837b,211
#81b97c,241
#2f0007,105
#a883bd,239
#859947,201
#b9cf84,214
#c9a66b,214
#a5cbeb,315
#c3efb2,239
#0072a4,373
#ba1a20,535
#dfd87e,222
#ab8e18,263
#4a7621,330
#6b4fa0,269
#c3a0c7,240
#485829,165
#fff347,243
#a93713,292
#60c100,756
#a39ba7,227
#d27a4b,190
#7d5719,206
#cc75a3,227
#baefc5,251
#533334,112
#ffa41b,252
#9ad859,344
#834cd0,379
#43b08b,502
#8e8700,205
#7858ff,301
#efbba2,198
#fbedf1,180
#0056db,494
#29403b,164
#c9d9c1,249
#936e6f,117
#8462d5,325
#0052a3,405
#4a9171,308
#604020,159
#75e7dd,526
#bfbe42,253
#848dc5,268
#ff3eb6,415
#fe8c65,151
#738c4e,189
#ef3d76,387
#6a5eff,316
#e08a04,349
#a18ff8,251
#63a122,464
#d5dc51,283
#516a9c,284
#342205,106
#9500dc,640
#509d99,379
#8d1993,489
#75f4ff,334
#494b93,290
#949eaf,252
#72b6bc,349
#7ea78b,209
#76480d,215
#b6ae4d,202
#b28bef,266
#945f00,162
#ea0072,475
#b590cb,260
#add51f,547
#846625,191
#4ad32f,1208
#004a7d,299
#950000,326
#afaba2,240
#007783,322
#7b8b24,257
#69c8c1,451
#ffa270,136
#b18b34,225
#e66879,233
#563225,128
#62ebc9,624
#57377e,253
#24031f,118
#6e31ac,419
#9c6780,158
#c6edc5,244
#461a64,305
#cf9237,245
#916030,196
#567159,174
#e2ec00,467
#a2a326,275
#c2373c,290
#d8d4cb,268
#8bfd5b,462
#ebfb60,264
#dbbbec,241
#b6b0ff,192
#0f2158,275
#a8497c,219
#00e63d,1148
#ab2bc8,613
#b0eeeb,308
#eb46ea,474
#83f5eb,382
#d5b482,218
#57ecc0,668
#777399,193
#500a6c,363
#9b4c9d,280
#9260c4,304
#784533,150
#e74097,436
#f7b5be,192
#9a48ae,327
#8adc30,615
#a64595,288
#7ebc3e,381
#2f5672,295
#333a9e,474
#008676,455
#ebe86b,245
#680089,301
#761e7e,400
#a86656,141
#770c2e,231
#70a5c1,342
#b0737c,145
#ce213d,423
#e64d5c,265
#a0d48d,265
#389eaa,568
#9d431d,239
#3f5aa8,419
#6f193d,211
#5ec054,469
#8de990,368
#6fcf1d,804
#5d1800,153
#0d2000,118
#b4dbe7,308
#a0e3b7,304
#cf00e8,524
#fdc7cc,169
#a6541d,250
#8aa39d,231
#708983,217
#dd94c7,257
#399643,517
#be64a7,247
#957206,207
#54f8fe,619
#7b572d,174
#62385e,165
#6a5487,201
#8b8558,153
#5a17b7,680
#004ced,689
#7d49e2,424
#adc16d,202
#8fc789,254
#2b4200,131
#c89536,245
#c7a490,184
#d1eca8,231
#faafe3,204
#004533,185
#a6cfc6,269
#65061d,195
#ffc9a6,156
#5179aa,345
#c7eea8,232
#95265c,285
#394b3f,150
#ae56ff,286
#ca81e6,300
#2a0207,118
#b176e9,305
#a9503a,172
#4dcea5,607
#a9b325,329
#92b1b4,259
#b4ae57,194
#6e7a77,210
#c6ffa1,186
#fcb790,172
#4372de,622
#453fbc,523
#be3275,369
#af8ee6,292
#00abdc,706
#d04650,242
#a27f27,231
#51643d,157
#b0614e,149
#2e131c,121
#a8dfd4,307
#81765e,163
#2c3771,305
#6c8f00,284
#f33b5d,352
#c1ffc9,210
#1a0040,210
#6849b9,341
#658bfb,365
#46a26c,419
#3b394a,144
#a93aae,414
#31063e,186
#e84675,330
#5d1a79,384
#0a60a8,473
#606222,160
#91843c,172
#8f0f1b,352
#9e7f46,188
#4c1d4e,223
#68649c,225
#93b83f,295
#833d3c,151
#643b47,116
#dfb345,259
#cdff5f,227
#1920b1,906
#9fd3aa,251
#3c5472,236
#76dd78,414
#5a3100,137
#0a7c00,628
#cb6563,168
#9c6d4d,158
#9dc29c,217
#b2b2f9,232
#547eec,520
#460f34,170
#8c334c,184
#43393b,115
#ddacb9,223
#614017,174
#a9d541,376
#597236,190
#4b2431,118
#315bf3,629
#46253f,144
#748ed7,339
#ff007f,328
#9b7d73,137
#724363,157
#612744,162
#334000,113
#6c5ac7,328
#f4e395,197
#a1aeab,260
#6d7ddb,363
#5e7222,234
#f87945,207
#e54d64,268
#a2676f,132
#d4b800,271
#c1a5a2,184
#3edbd8,847
#85856a,180
#874fbf,333
#8dbcf9,310
#cb2355,389
#b4a8ab,227
#6d6e2e,158
#73350e,193
#d11f00,518
#b50080,444
#de2b71,475
#a400ba,603
#873ca9,366
#7c7290,183
#c2965f,191
#368098,433
#cc617d,207
#3c245d,233
#8f77c0,262
#87fd67,430
#f4f5b6,176
#fe62cc,264
#1f1c8b,596
#9374c9,279
#805f84,165
#a968d2,314
#ff1732,432
#3f7821,407
#86e6ca,405
#95c858,296
#ffacec,178
#44a42f,724
#d65b6c,224
#473a0a,125
#afb9cb,272
#ac82b4,230
#d1c1d9,250
#bf83f8,253
#004600,195
#f57685,200
#ed9576,190
#bcac57,203
#6f566f,141
#91c59c,241
#a2b8f0,287
#db4ba8,366
#498354,265
#ab0000,471
#8c7526,198
#008a41,466
#d62df6,626
#df9f38,279
#d3ff77,202
#4f8c9d,354
#f26ec3,283
#0f52dc,699
#ceffab,200
#6a7fd2,347
#bb8091,172
#38301a,114
#bdc7d9,282
#e30293,584
#60698c,212
#bb1900,465
#d586a8,227
#684cf3,481
#bcff76,200
#c400fa,473
#bfff6b,200
#79be02,551
#a0e85b,395
#000028,94
#b4d170,225
#9a31e2,646
#81f4fe,374
#3f4b9b,376
#b8519a,261
#4c0043,204
#d5ff97,190
#699023,339
#c5d8dd,285
#ff2a0d,477
#b96c8d,193
#30d6ff,458
#d9c771,219
#f6f854,329
#b7f574,259
#72c8b8,380
#6a6a6a,195
#5644dc,576
#ccc1e2,264
#1e6c3c,366
#b5f642,411
#7fdc64,414
#3cc098,609
#644f33,141
#c4dacb,258
#774253,129
#475de1,613
#c1c2f5,245
#f4cf92,194
#c42775,432
#e3fe53,327
#ede68b,206
#527f7f,243
#8886e9,301
#964168,188
#ed0062,387
#707ae4,358
#63fea6,527
#602e01,138
#a59100,233
#6e9df7,390
#653466,200
#df6e78,218
#996888,172
#fe16f4,573
#a22f80,369
#7cbc4a,345
#ff7074,153
#6242d3,454
#dd82a8,239
#240e45,228
#b7358d,377
#92465f,160
#658994,245
#8b9bdc,319
#ddc65c,236
#7d9af7,318
#5ba063,287
#fcf498,153
#009671,429
#c98d9f,194
#d53879,401
#88faa7,345
#f16600,307
#ebe695,205
#5e5698,239
#9fa33f,211
#ba881a,262
#e5196a,553
#fd6ca0,208
#4b7f87,300
#310f23,116
#957e84,155
#e13224,601
#cdfdc9,216
#c257d3,349
#aa7dd7,294
#c2ab27,303
#a7514b,140
#459da1,474
#a13570,262
#6e446b,172
#a48cff,188
#00bfc5,537
#eebe86,200
#f6906d,175
#e2698a,246
#afecfe,262
#d422ff,370
#faa566,166
#9ad3b3,270
#badadd,298
#6c2c76,282
#54ff5a,730
#307759,348
#e54886,348
#500420,142
#1d3621,165
#99c66d,257
#bcf38a,237
#00e562,795
#809b31,282
#786573,155
#8e00e5,679
#d3a500,311
#7d2748,210
#294775,306
#86a779,183
#5d8f69,218
#8756a5,259
#1c4585,391
#e8bad0,236
#893deb,499
#6d3918,186
#d0a537,271
#6a4e00,131
#6b9d5a,242
#cfa543,235
#340a29,128
#6554e1,432
#fb00b1,314
#42355a,170
#502a69,237
#56524a,148
#289800,671
#9fa8e1,295
#d380d4,287
#007c11,693
#f68d92,187
#b6c142,258
#f2cdb9,196
#a0526c,159
#9a4437,166
#a800b2,529
#6fd8c5,464
#a7e1c1,284
#233511,157
#d17492,219
#3e1c11,119
#6f2f5f,215
#00b747,645
#277a35,443
#a0f793,288
#4dc254,627
#e0332e,508
#8e3703,204
#bf6e5a,155
#875f73,133
#7a0a18,283
#caff97,193
#370430,144
#2f231f,109
#915d52,132
#ac4385,256
#283230,135
#422838,116
#afe642,460
#99d683,289
#c068fc,260
#958abd,236
#ae9e4b,192
#304113,160
#a4b090,207
#2e0c37,162
#8efd4e,523
#003e69,268
#634a62,134
#ff80b6,172
#474fff,500
#3c2d80,343
#d8e5e2,271
#f35c79,231
#533f5e,153
#bf9841,222
#e978b1,269
#d0a8f9,219
#7c608c,183
#937056,145
#b7cacf,275
#ffa153,151
#cfcc44,292
#f372a8,241
#cb9fb5,209
#d4eabc,235
#f7ffe2,126
#847280,161
#98008b,456
#c24f79,222
#e99588,194
#260607,119
#d88b60,188
#d032a3,517
#25094c,257
#74ce4b,465
#e3b065,215
#bcedd8,268
#77ce3f,529
#a6665f,134
#cde8e2,269
#beb1e7,265
#5f327e,270
#83c989,295
#f2a68c,190
#7daaff,248
#326f9c,427
#88dc40,540
#7fd8b3,353
#9eb6ff,226
#7cd3eb,448
#51333c,110
#e39c59,204
#1eafae,673
#995c1b,240
#006fff,361
#b9b9b9,265
#2e54ff,481
#99ea40,551
#3f862d,470
#4b616e,205
#6c096a,353
#a95c9a,232
#9bffef,244
#d77fcb,281
#ab2b60,312
#b029bf,584
#49607f,231
#115d52,288
#b78840,208
#ffe247,236
#8bba32,403
#b1379e,402
#c656ca,338
#c72e45,349
#5a88ae,333
#43682b,236
#4dc31e,1129
#6e5fae,261
#ab5031,185
#d95a5b,214
#c4824a,190
#db6f8a,230
#e9807c,202
#754643,121
#484a00,98
#378dae,546
#96b660,217
#6f9c6c,204
#eee853,283
#391d74,385
#97d864,332
#4332ff,786
#790b20,261
#9e7895,173
#00796a,325
#85b2c6,307
#a9b161,185
#19282d,142
#744ba0,278
#ff1c5d,416
#a23a50,192
#ac1888,517
#4d5807,169
#4e0c08,169
#ac46df,448
#5568a5,294
#116966,345
#63082b,191
#9867f6,305
#c14a92,278
#533515,153
#2b4124,162
#7ba979,204
#008b0f,829
#a152d6,369
#a57a6a,137
#f2f96d,217
#dc8bfe,221
#928432,189
#b91a29,465
#ca7b78,160
#c65ab9,304
#530208,179
#a4bccb,279
#aa0016,468
#48b6ea,683
#bcc9c6,276
#7b9d00,261
#ee005a,376
#224f3e,223
#1f0a11,135
#760d36,233
#7e5fe7,350
#06121f,148
#58321e,147
#ff173b,399
#ca00f1,507
#489f90,429
#1b0069,295
#56b15c,401
#ff95df,184
#d547ca,432
#6bb8b3,362
#215f13,418
#7d9690,230
#453e7d,259
#7b58b6,289
#6c3920,165
#968400,195
#8438ba,430
#b1f65d,308
#cca800,283
#ae8c49,201
#b47085,168
#9c00d4,526
#b9f469,264
#897f9e,190
#5f4b6a,155
#541f23,141
#6a879d,250
#505629,138
#de9f44,236
#ed5e93,267
#88da6f,359
#f2a966,176
#ff8492,141
#00cfca,670
#ff4272,268
#6e390d,184
#377750,312
#693a30,137
#a261f6,318
#527162,179
#ddb35b,229
#2d266c,327
#867bc0,259
#6e9d50,252
#b95968,157
#6b5967,139
#9245c8,388
#c8c8aa,234
#59295a,204
#ff8b30,275
#83b0d8,357
#df76dd,313
#370e01,112
#4ab252,538
#6d4c2b,156
#78ee5a,502
#2b2f46,166
#b6c5f5,267
#5941a3,325
#ffabda,136
#8a2f6b,269
#98d5a0,271
#c2c7d0,273
#64b030,505
#f669cc,285
#dd8b38,254
#262626,121
#3e2b31,103
#7fd6c5,379
#359721,790
#ed455c,294
#c1851b,283
#e493b5,241
#00b48a,490
#cc5d96,250
#9f2998,462
#7f2157,271
#c4ce50,253
#d79d91,188
#3693f2,621
#675d46,134
#a6693c,196
#b09e40,204
#6e334f,161
#809776,180
#e296a3,221
#334d37,164
#904c25,218
#84b78f,230
#c9ca8e,202
#4b635e,181
#6b687b,185
#9a6a6f,122
#bcae00,242
#e8a8b0,223
#9f86bd,238
#c645f6,442
#3354ca,622
#c6bc4f,220
#6c8c60,188
#75d5e1,503
#86764c,150
#aca000,228
#382010,115
#f3c5fa,196
#ec9bfa,210
#6e3638,129
#b163d2,318
#30874a,437
#3a385a,185
#daa4f9,223
#746a52,149
#00038e,611
#8f9fb8,253
#7bf7e1,432
#6a9012,372
#171d15,143
#3a2755,197
#262434,138
#d95e22,351
#985953,129
#87993d,217
#8f4667,181
#ee7b85,202
#ef956d,180
#00a845,573
#6457d9,410
#7f4f6f,155
#a55153,142
#dbff43,385
#96da31,560
#005692,322
#73686b,168
#52be98,475
#798a58,173
#b643cd,422
#b1d34f,297
#2f4b4e,194
#8b7355,148
#8f0041,268
#544516,139
#f0c046,240
#7e6463,127
#0053e4,499
#312e88,412
#fd7450,170
#3a6566,253
#66e100,757
#7c338b,322
#dea9cc,252
#dd9f4f,224
#f4e56b,222
#d7b478,218
#553043,129
#ff53de,265
#b07fbd,248
#70ae31,437
#77be20,553
#303a59,212
#accebd,249
#1c0b53,309
#f26156,193
#5ab152,397
#d6bee2,259
#e265a4,288
#369bc5,654
#5e7c7f,221
#00220b,88
#a4c28a,201
#fff536,411
#a57784,139
#3f1ba1,685
#cddf44,354
#005236,240
#c87ef8,261
#bc3a64,275
#8aa1af,264
#00d749,763
#f24325,449
#9f5827,228
#b97409,266
#75b3d8,422
#b9f617,462
#0f144c,261
#265582,368
#9bf89d,287
#95704d,164
#56a8ca,536
#687016,202
#e1e995,215
#9cb0a2,233
#ff534e,207
#588065,190
#ed6744,224
#ab7950,174
#9ec0af,237
#515442,139
#00b800,997
#627899,240
#c53607,417
#cd34ab,514
#507436,225
#bc713f,185
#f0a795,189
#6a5b56,143
#b4bf77,181
#a6aea2,249
#a83827,245
#8d69a2,220
#e8d746,314
#658114,309
#cac6bd,263
#a674ff,206
#e6c185,220
#eb74c3,284
#a62688,432
#7c627b,141
#57b9c5,542
#660616,211
#953890,325
#422d00,95
#fa79f5,258
#91b9ff,250
#93d5a9,284
#a15800,205
#c34ced,402
#ffffba,106
#845147,129
#e45338,280
#6a2786,375
#a89f68,176
#db7267,197
#485172,201
#7a5736,160
#85aa32,334
#625117,156
#fbdebd,181
#ab6545,165
#ffdbc6,152
#72619d,222
#81ba5f,278
#ff07e2,363
#58ccae,555
#f97930,288
#911dcb,701
#b12941,299
#e456d8,395
#aedddd,322
#f7d153,218
#790044,251
#4d242a,116
#0017ca,793
#c36d3f,183
#ea6b00,311
#92c862,284
#ee4454,290
#2a1615,121
#62b03d,437
#c98106,282
#cdaede,266
#73777f,207
#5c51b1,315
#5d4f4b,136
#1f4196,463
#746b2e,158
#fd8c6e,153
#c94d58,201
#161f00,105
#c0583d,188
#f8cca6,190
#f4d16a,200
#dab528,364
#7769cd,306
#52924e,296
#551b38,176
#6c2f66,228
#c2df7d,224
#ff23d0,439
#9dd84e,375
#8f28c2,607
#91d879,327
#b49a7a,181
#4c726a,202
#267761,377
#c637bc,507
#4346ab,447
#0043d6,566
#e3d3af,236
#bd77c6,274
#ff7cd1,203
#57cd9c,511
#6f6683,171
#737fc9,292
#abc34d,253
#7b7a30,175
#dcfca2,206
#142a25,135
#7f829d,209
#c8fed3,224
#8c631a,214
#3a6756,232
#e0d3b8,239
#9dbbe6,321
#2e2d4e,190
#dffc98,200
#ca35b4,517
#a3469d,297
#87d6bc,342
#d8859f,222
#b52600,316
#1b0e06,138
#6ceac0,511
#00b578,498
#3f5562,198
#55322d,120
#44845c,290
#9e8f6e,177
#b3ac7e,193
#deda52,283
#be00ff,362
#ba8fc2,248
#6e417b,221
#bf40bc,416
#9d3f48,168
#7fac0c,417
#210a07,123
#454366,178
#af6257,135
#ecd292,214
#33675e,276
#8c588c,205
#df7eba,269
#3a594a,177
#5d7b90,251
#9ae790,331
#fb57f9,342
#d6ef33,471
#67ff08,771
#f75b5f,212
#803e4c,135
#f24bc7,404
#35ff5a,678
#becf70,211
#d1aae7,266
#761600,154
#2f65d0,639
#8d24ff,477
#89ca57,332
#ef6ade,307
#97b47d,196
#ed674d,212
#776b18,183
#4a363c,109
#c600af,484
#894e4f,123
#0b0f25,146
#75db96,387
#964826,211
#ffc4de,169
#bc9495,162
#32a190,545
#b5a3cf,244
#006787,315
#9565a2,229
#962b35,234
#e26df8,274
#a386b4,224
#ba69ff,205
#f996f1,224
#b1e632,535
#004712,227
#2d7848,369
#c338c5,511
#539ab3,433
#370923,119
#4a78bb,448
#7c6752,140
#565bd9,490
#020b39,180
#d75686,264
#e96867,214
#7c440e,216
#00a906,955
#8567bb,274
#878745,164
#ef0052,356
#9ecbf4,322
#413b2c,115
#985095,250
#c58240,201
#a9001e,426
#965a5b,126
#6e71b2,261
#8547d9,402
#f67afe,236
#805d94,212
#a50064,285
#8bc876,281
#694c3b,130
#fd3fbe,450
#4f462f,123
#dbc58e,227
#182542,198
#996599,211
#462a09,137
#b0fff9,266
#b90b59,394
#bc9955,204
#27005b,262
#56a150,348
#d0b494,206
#906e77,131
#4e052e,162
#008bda,502
#99a45e,180
#dc00bd,618
#b08965,177
#4e5800,113
#1c3706,179
#764e90,236
#51ff05,766
#79c6c1,363
#baa1d9,266
#a21fa1,511
#520074,337
#00f2ac,647
#e96c2e,318
#79452b,169
#ebc168,213
#062d00,111
#25421c,214
#201537,180
#44b25c,544
#6297b3,340
#d6b650,233
#51825d,222
#5b4e62,143
#863563,218
#cbd5e7,274
#8a238b,439
#99566b,146
#1c0b18,139
#ffce48,189
#93577c,175
#9b9076,190
#5979fe,413
#581e00,136
#fbf66d,197
#9baad8,285
#a07d62,156
#cceacf,247
#5a3386,288
#9085e0,300
#2d4f07,247
#4d3815,136
#79bc55,326
#a9680c,255
#9d565b,131
#9844bf,379
#94d3bc,290
#cad7d4,271
#bf4b9a,294
#da3661,382
#cde4ff,140
#255026,263
#ad3130,284
#d7e7cf,247
#f8a670,165
#3d7748,283
#d129b4,578
#282704,86
#722e57,199
#7f543e,146
#d300df,496
#a82580,421
#ce6174,203
#0a4f4e,234
#d8fe8d,190
#8c0250,290
#c6523e,204
#4b2713,141
#cd4281,320
#ff6a86,174
#ffc1f1,170
#c6c6c6,266
#dee3ec,244
#aebf8a,198
#ceecb2,231
#112834,156
#793f63,173
#193711,198
#ac9e55,188
#d592eb,272
#480f2d,157
#3f6902,283
#a383c6,262
#252049,208
#786b06,171
#fbacf6,205
#5c1331,182
#5b430b,160
#faf679,192
#368741,437
#773129,160
#974448,151
#1f1bff,866
#2eceb7,792
#c2aff0,249
#d3cb04,434
#a94cd6,392
#732576,341
#844e5f,133
#b56029,232
#f45793,267
#00523e,192
#7fc4ca,357
#c3b3cb,239
#572b9e,414
#b7fff0,256
#c77c80,171
#800011,244
#00bcd7,738
#002029,79
#7ebef8,363
#f35ff9,319
#f07b7c,191
#d46300,321
#57e24c,856
#2ca3ff,501
#273421,132
#c44e70,218
#ff54e7,297
#f173b1,254
#59923a,320
#798872,197
#007ad5,557
#ffdd8c,116
#846dff,253
#f2cf9c,206
#33105f,336
#f365e7,315
#6e4b22,182
#a1def0,334
#f3001d,411
#3159b9,553
#5a1438,195
#c27f77,155
#d9b637,307
#e96b22,376
#eb5e9b,279
#782d40,167
#104507,301
#330045,180
#375282,318
#2a001f,95
#392f12,118
#ababab,256
#713d83,254
#b9dcca,261
#b55d57,150
#7655c7,326
#e5ad82,209
#547348,188
#82a782,199
#9ba454,184
#75ed85,439
#9db540,269
#b3dfc1,258
#51230a,155
#9000ee,416
#7747a9,309
#a2e0dd,348
#d73771,398
#ff6b8f,177
#efcdc2,203
#0b2a73,361
#265f00,232
#d93d36,367
#c1c9bd,270
#256b33,383
#521691,491
#13a64f,648
#b472f2,290
#dc508e,309
#e7a5cc,248
#6384c0,337
#571b81,403
#ffdda0,146
#82400f,223
#fe5900,266
#192b04,134
#4b6634,190
#834c77,191
#9d8d88,181
#5a5052,142
#e8e0ec,226
#f451ad,323
#000000,186
#c5f400,324
#b84054,206
#8a4d47,135
#73bfff,354
#e400a3,440
#eff3dd,187
#d1fdbf,219
#a9ad99,237
#637a88,230
#8da667,188
#8ae1f9,357
#003ab7,515
#738a69,174
#7922b4,572
#70ab79,249
#0076e7,616
#2c1030,148
#664e2a,151
#60409b,298
#52dea9,646
#e9d29c,223
#c1919e,183
#d64405,405
#630091,361
#83a967,210
#eb54c7,377
#607040,157
#653857,154
#b9e09b,254
#a772a7,227
#ad96b9,222
#a47ee0,301
#adad90,219
#e95fa4,297
#af641d,252
#ae2a51,299
#86a95d,212
#6d7d4c,164
#e6ab9e,211
#4067be,500
#a4c46d,219
#53424f,124
#9f6a5e,131
#fbf800,316
#460942,220
#aa3248,239
#0000d3,1008
#c2a962,210
#c69372,181
#77507f,193
#8da582,186
#bfd6fa,229
#2e1c49,208
#3330b7,683
#88502e,185
#dfc47b,222
#f6bb86,188
#ff66a9,190
#b800d9,497
#4e3152,157
#75bb7c,287
#66ff88,513
#999ea7,257
#e5836a,194
#f968c3,273
#5a2071,326
#b33c85,302
#ff5bd5,269
#1b2349,213
#687890,224
#c3f094,231
#2a586a,281
#5f3e3f,113
#9bd1c6,291
#f9793b,233
#72b998,284
#fff51e,413
#f76015,367
#986f3b,190
#5b8313,363
#ff469c,325
#785a00,124
#558aa6,348
#899832,253
#8e1023,323
#fd048f,448
#a4515b,136
#8ea395,228
#b9bf63,199
#fa41c7,475
#855300,171
#d78b69,179
#b32831,343
#ebe2cf,238
#5f70cc,380
#0f0440,251
#0f0a32,178
#9f6778,149
#94abe1,317
#0087ec,553
#a75410,276
#6f6873,180
#033a00,145
#624d53,120
#d85ee1,360
#deae9e,206
#67486a,158
#944557,151
#4f6621,220
#6a8fe0,418
#519169,275
#7d7a24,194
#a1effe,291
#2d024c,216
#1c104c,268
#dada69,242
#7943b1,346
#f750a4,311
#a5e672,329
#bb61c1,299
#dcd888,216
#e450ea,409
#6153a0,260
#d4c785,217
#587d87,243
#ff66b2,220
#b6ecf5,304
#b692b9,227
#4b563a,136
#a73358,242
#457636,274
#6cad66,272
#ce8d8d,177
#b7fdff,239
#486815,262
#ffc99d,145
#d25bfc,289
#723521,171
#719aff,290
#f3e700,447
#efaa79,188
#4d4815,124
#3256c2,591
#8d476f,193
#8f35a9,417
#e2d1cb,247
#9f66ed,320
#e9ad6f,202
#315c31,253
#f6a946,219
#efa1cc,230
#5bbab3,485
#96c676,251
#5487c0,426
#c345a3,337
#b0c323,386
#b8f1b1,242
#e79b39,281
#243d59,243
#ffcc89,150
#f4dfd0,213
#a9681c,250
#638123,287
#5a396e,202
#ad5f78,169
#64702d,176
#22123e,205
#a9beaf,247
#d53e58,289
#8cb3ab,249
#5f1181,442
#be712a,247
#e2a9c3,243
#3d1a2d,125
#ab2378,403
#766949,145
#2b1f42,174
#e76c43,229
#d1de00,517
#758c45,197
#627037,164
#49004a,220
#7a79db,324
#9387ce,276
#f1d438,354
#2c3229,121
#09001b,116
#daa218,383
#de9c76,202
#f7c5f1,199
#ccdd7d,210
#383f13,132
#aa6800,174
#6f1253,283
#f739e2,544
#513886,278
#85874f,158
#c0e087,235
#d55f4a,204
#4d544a,158
#00b1ae,529
#022114,100
#3fff4d,791
#6ce03f,730
#663a40,116
#f79302,282
#a369db,327
#848484,221
#7f87f2,290
#696c5a,171
#190239,208
#79acfd,342
#fb899b,184
#ec822e,319
#8d6c91,170
#e3faac,190
#71caa5,355
#c0710c,282
#586421,187
#d49bb5,231
#fa756b,170
#e7ea45,388
#b49c55,201
#3d05ff,713
#ab5f80,178
#3ea275,467
#9a82e0,306
#face75,166
#571e0b,164
#89b786,214
#fbd9ec,182
#5a623d,140
#4c017c,386
#8a8731,191
#3f293f,134
#fde096,163
#0fff72,522
#5f235a,238
#a8f77f,294
#6ffcb0,480
#ed8bc7,248
#343208,102
#ff7fa4,136
#ffa7ed,146
#83366b,229
#c8811d,291
#a5ffb5,195
#c6a94d,219
#007b3e,388
#9d84ce,281
#4eff88,566
#cea64e,226
#d598c7,257
#e46d5e,206
#005e4a,280
#4867ff,403
#dee7bc,231
#dd3dca,539
#4a9500,399
#79e3f9,431
#fb4e93,280
#b75970,174
#c84392,325
#de3448,399
#dec2a1,223
#c96940,184
#8c8fab,226
#ff32bf,384
#5064be,424
#008b2c,521
#cca658,221
#9b0083,448
#c5954c,213
#527072,214
#f6a679,177
#4e4d82,226
#c28254,181
#004b75,264
#4c0634,184
#64baaa,380
#9ff973,348
#613b4f,121
#f49446,212
#84ba55,286
#b29ff4,262
#00ebff,410
#9549b6,343
#f415b1,526
#860076,372
#ffc889,120
#230900,89
#82252a,226
#a8a2f4,270
#122b17,145
#7c89e9,331
#71dd82,424
#f67a59,181
#3e8e9d,463
#007d2b,424
#984af9,371
#cffbdd,211
#b28b28,248
#ba689e,223
#001e30,103
#335d00,172
#a58f52,191
#d8ed6a,244
#ee88d9,268
#589e7e,293
#d70056,369
#a13e2f,194
#b6ac74,195
#c20042,270
#b94414,305
#9aa27a,181
#fff1a3,137
#e4b05b,220
#c573c6,277
#c7a842,234
#93a800,238
#5ba9b8,435
#436d9c,360
#dc67b5,297
#65ac8b,283
#47f0a3,667
#ff5103,223
#d06440,200
#86957f,210
#5f512a,138
#f76000,299
#eb823a,256
#fb5a3b,250
#001225,121
#d8afb0,205
#955ccd,323
#efd0a5,207
#2d3407,113
#bf711e,272
#7c46a0,295
#786384,162
#ecdfe3,229
#007c20,560
#59b0ff,399
#405752,177
#4e4066,167
#ed7f61,181
#4b5815,179
#9e007b,411
#38485e,201
#5e2a96,394
#e8b2ff,139
#802a00,120
#42583a,158
#64bf69,365
#1d333f,176
#2c4e2f,207
#e32851,448
#dd858d,208
#595321,132
#72796e,200
#1c0825,134
#717d39,171
#df3337,460
#707b5d,165
#7fee3f,664
#528f7a,269
#c7908d,161
#6c41cb,406
#c37fff,207
#b03000,218
#e1c298,223
#492538,129
#7c2b2a,185
#f0a4b1,206
#a00074,359
#421919,126
#c9666c,169
#b67262,142
#877703,175
#403943,131
#7197a2,260
#00f3a2,450
#2e3f34,145
#6c202e,184
#7eba69,280
#e28de2,282
#7a3003,170
#dd5941,234
#234133,178
#614682,225
#0a7fb2,555
#b98829,255
#be8ccb,266
#846da2,212
#190b1f,133
#70493b,133
#b99eeb,270
#bf60b8,286
#455832,161
#005fb9,407
#a899b0,214
#aea2eb,277
#7f2b10,219
#faba72,160
#c36785,202
#571a31,160
#845f7b,147
#f4d403,400
#395f97,374
#a0a083,204
#5371d5,488
#3f646e,242
#6a5d3e,135
#8de6c0,365
#eaffff,138
#c8e6ff,207
#3e6914,319
#352564,272
#442c79,286
#a20655,325
#4cada6,506
#845c8c,195
#ffdf61,153
#967ff2,264
#ba865c,174
#207a3f,436
#4f003c,176
#78a4b8,299
#e9bf98,218
#695dbf,311
#564147,113
#cef06a,241
#af3014,373
#3b3e00,97
#967b95,173
#d4ff14,347
#8575db,315
#452831,106
#ddc485,228
#3f436d,214
#c2c5e2,277
#22262d,135
#5e5a7f,189
#6165a5,254
#71bd69,316
#a87962,149
#ee9292,196
#d0d5de,276
#c1825d,168
#701e0f,213
#a88c65,176
#a8e667,339
#cb87c2,254
#8d30ba,514
#412b29,106
#8a36f3,609
#8f4cff,320
#0f0047,247
#ffc5a6,121
#3b8554,358
#330f1c,115
#ff9ba8,144
#c33733,316
#79ff0b,681
#c52f55,331
#91fb73,403
#503525,131
#929ad3,281
#add465,271
#466366,204
#724073,208
#fd00a9,246
#5c922f,360
#0d2b1e,136
#38566a,235
#8c7ab8,241
#a45dff,279
#e5862d,321
#e1d936,433
#444a1e,142
#942c44,222
#e3d592,221
#732a66,259
#1c5b5a,293
#00f1c9,531
#ebb9c7,223
#628f60,205
#9e2226,322
#667f42,188
#f2a1c3,220
#c66a5a,164
#f2dcec,203
#445082,248
#40527a,248
#c00018,563
#caf243,394
#db7fc2,270
#683c00,157
#0081ff,328
#9fea00,499
#711835,206
#66dca9,466
#869dd3,303
#558338,273
#41369e,424
#f6bd53,204
#eee3a9,210
#d3006d,449
#3f002a,95
#3a0037,136
#2f4285,360
#60121c,191
#6500c0,515
#9b9426,234
#dfb8f5,237
#492147,174
#cb692b,267
#cbdf51,289
#7d4400,188
#9c70c9,287
#f0fb34,551
#d0eac5,230
#938426,205
#ffeead,114
#e194be,247
#53f259,797
#7b2750,223
#e04997,358
#03b5ff,434
#4a5820,176
#e89b2c,338
#ac4f1e,251
#485642,144
#d54422,389
#5c2462,247
#de8a2c,314
#334a56,191
#ccc4d0,253
#77d1fd,384
#73a89d,250
#004df6,399
#a7889a,164
#fc7459,169
#ec6379,234
#e98fbe,247
#579300,343
#6c3e8b,265
#e0819f,238
#f09464,179
#4e2423,125
#e4bad9,250
#e2874e,217
#7b4419,209
#d0cc36,367
#d15c85,232
#004e5d,239
#878fb4,238
#737d2f,189
#f672a0,229
#576e7b,212
#df7acb,291
#a84d64,169
#82542d,183
#bd9bf4,264
#4d2779,301
#667d5d,169
#93311c,248
#b0f800,266
#aa8e27,229
#3f2199,565
#497548,222
#a789ff,133
#fa5a45,227
#8978c9,276
#cc96eb,276
#6518ff,608
#091f1b,127
#00b81d,921
#74de58,491
#7fff4e,560
#85d2e1,424
#9b4f8c,237
#e3a3e7,267
#759ee5,396
#2e2505,93
#aef769,297
#bb65b0,257
#000ed3,868
#7b776f,190
#eb3e86,413
#7adc6e,413
#ac8e00,242
#c875ac,232
#005d5a,259
#b5a6bd,224
#627de3,445
#0f1745,224
#dd3450,383
#b0579a,247
#1b404a,215
#cfb944,252
#dfd945,339
#3a427d,292
#a77c3d,199
#9c3b68,210
#7c0036,218
#ff4a58,231
#038b00,652
#fcd6ff,157
#226d13,509
#270319,114
#920050,204
#ceb94f,229
#c6266d,425
#dbb512,417
#540027,121
#b5efce,260
#ea5ab5,333
#a4f6a7,249
#828758,158
#6b2402,150
#e9c338,338
#d37ce6,300
#cda19a,178
#807288,171
#00877e,357
#a4a0ff,175
#72359b,357
#883844,158
#e16d70,204
#e3cede,238
#755ea5,247
#522d5a,187
#377900,471
#5c190c,198
#ff194d,407
#fcb2c7,185
#302f3f,136
#aba7cf,260
#453261,190
#92f1fe,316
#0063f3,393
#576245,145
#c0bc6e,192
#ff1628,509
#a53940,198
#0090b7,479
#6cff7d,479
#008b20,657
#6760b6,290
#e586fe,230
#dcfac0,201
#c6b978,202
#574e6a,158
#d93669,387
#6ad2ff,342
#f27ff5,263
#b5d08d,214
#e69b45,235
#101300,111
#4c8265,245
#95824f,166
#c3a2b5,203
#befcfa,270
#c2cd84,193
#403996,382
#321201,104
#4ca263,376
#792367,307
#ffc6b0,128
#776194,204
#77ac48,296
#8500c5,482
#f04343,314
#cd6800,269
#968e99,215
#b7c8e2,292
#b0e472,300
#3c4c1e,169
#b1e1ae,261
#ed33ff,471
#ac98a7,200
#79675a,144
#867466,150
#b76f7c,155
#5f8b8c,248
#183629,157
#591a23,165
#ba595f,159
#b8751d,266
#bb3f44,213
#401142,205
#b95581,201
#535062,156
#daa9d5,262
#42493f,143
#00514e,167
#e0d59b,230
#1e052c,146
#4c93e9,606
#9bb64b,240
#d90046,338
#004d6d,232
#d148d3,429
#a6b340,240
#88a58b,199
#af4764,188
#4853fc,542
#6b5f00,106
#ff91f1,199
#bca799,195
#ff7cc8,178
#c1ab36,263
#261722,133
#a46945,176
#a51300,386
#673f93,282
#272d55,230
#5b523a,131
#6450a8,281
#002458,199
#a7f4bb,255
#9e7d6a,146
#514627,122
#00cbf8,392
#91003a,270
#485c97,316
#711f86,426
#42455e,165
#fb9046,194
#531f2a,135
#eda4ba,226
#fef48e,142
#696e40,141
#f6dce3,197
#211b0c,126
#a55428,223
#d0bcfe,197
#d286b0,231
#777588,191
#fdcc93,168
#000b69,327
#e660ad,311
#f15d82,239
#375c1f,262
#e1b06f,216
#e7009b,417
#986b78,135
#a651cd,352
#c86949,178
#dfe99f,225
#5a49ff,474
#004159,200
#b04fbc,332
#ce6552,184
#92493f,144
#003f61,238
#697a7f,218
#042c17,133
#8c8725,219
#4b425e,156
#ff6e50,162
#371b3b,158
#be3e2a,278
#9d4ee7,396
#68374f,136
#a7af87,196
#895ae7,356
#a8f59d,253
#371e2d,113
#1d1d00,92
#f79dcc,206
#736c37,137
#372a4e,171
#007ccc,526
#b2ffb5,176
#29223b,152
#64298e,387
#f4c000,215
#e8a2de,267
#ff448b,306
#baffbf,192
#965d39,179
#664db1,304
#a7d64e,332
#4b69ad,374
#ffce3a,240
#73482b,161
#bed134,382
#5f2b35,129
#50d075,586
#386845,248
#0027ff,760
#52461f,131
#69d03e,622
#658b83,222
#6ab3e1,498
#553096,354
#a16956,145
#9c78ff,199
#49406e,187
#94a09e,248
#d1bfec,253
#9d9300,225
#451800,103
#ec9fe7,250
#abb157,192
#363669,243
#ab9a95,197
#7a8683,226
#d6bcf5,243
#899576,188
#04293b,157
#3a4c27,157
#c2639f,236
#ffa15d,139
#f39450,189
#9ec700,480
#1f3700,124
#00f484,511
#e6e880,220
#539322,463
#447cfe,466
#450002,93
#b153ab,287
#f36ad5,297
#57ff7d,584
#000547,253
#acf593,250
#a896c2,234
#267dff,389
#f10039,307
#bb8553,183
#8da83e,249
#e0c645,283
#b00091,482
#826bb3,254
#805257,119
#8872e4,312
#5f8d7a,223
#7e7a17,206
#7951d0,352
#616b7b,201
#512314,144
#ad7947,188
#0061b0,359
#479abc,554
#e78361,195
#7081c0,286
#fab899,183
#cab5a7,212
#f886bf,224
#64a9af,354
#582569,262
#c36bea,317
#7b2c31,171
#7acb7f,322
#d6ed75,226
#c46fd8,308
#c47f6f,157
#4b381d,137
#904abf,356
#c82e3c,363
#fe8f06,244
#ce8aa8,217
#7b0900,208
#c8ff77,192
#98a633,267
#2e3e43,159
#f658ff,307
#9ad900,533
#53002e,134
#bdd143,308
#431811,129
#e15453,242
#58a2ee,552
#56ae8b,366
#aa4c5c,156
#67577f,178
#d4a5ff,180
#d16dbe,282
#6146ca,409
#967044,177
#9a4058,174
#750062,243
#c4faff,210
#4a1300,119
#b65689,218
#9acfd8,337
#466556,176
#68ce6b,438
#c53616,432
#e3a6d5,259
#966d67,122
#f08bbe,238
#76246e,325
#4bd6fd,593
#ffb773,126
#00184c,199
#2d2134,125
#7f3a63,197
#e47000,298
#0d0000,157
#7e6918,186
#af6ab8,264
#d14647,248
#927c9e,184
#c177bd,261
#8742e2,464
#592c4b,158
#ff5119,283
#c7812a,272
#9b7f59,170
#c6ffbf,203
#fdb5ac,165
#c2572b,241
#b4f39e,241
#2d1600,95
#352200,76
#6cce61,425
#fd5917,329
#6f6e17,186
#b9aa87,205
#ddd6a5,236
#20243b,166
#4f42ab,385
#c79542,226
#004342,166
#ae79e0,308
#42a359,474
#7b656b,136
#c7df68,239
#748d13,330
#001a45,175
#ef7e58,179
#6c7f23,243
#d963cf,328
#f7b8a2,188
#e76870,214
#552d52,171
#f6932e,312
#873c1a,217
#c363ff,220
#79a6a6,265
#b595a7,188
#ff6598,177
#93ffe6,262
#6b3929,154
#9e7ee9,293
#89b86a,246
#b57eb4,243
#51443f,120
#fd8f2f,298
#da8b57,196
#cd59a7,287
#ab4874,204
#2c1322,121
#cec6b4,251
#18441b,246
#be8fb9,244
#8b8372,190
#c0cf66,218
#c76674,177
#012d03,141
#005f41,237
#5f2e0d,173
#00d47e,616
#0082a1,440
#d0d2f0,233
#8e005f,233
#8e2e5c,241
#004885,322
#7e570b,208
#72a6af,297
#f2945a,179
#7377ec,348
#4f00d9,725
#ff9b9f,131
#0040df,569
#4e3343,114
#ebe4b3,223
#9987c5,255
#9aa625,301
#f3ffeb,130
#f9f4a3,160
#004251,159
#ce4c2c,289
#636f51,153
#b76000,223
#a8c280,198
#61356e,217
#552179,344
#a87c33,215
#5aa146,349
#2a242d,121
#ffa167,131
#62d7e1,649
#bda5ab,198
#4a315a,167
#754819,201
#b76dfc,252
#9ee786,326
#99ffc8,199
#adaf74,187
#2f0053,196
#3a3f09,132
#00d392,599
#007961,398
#985fbc,283
#9c4050,162
#b5ffc9,195
#00cce5,638
#3c2d22,111
#99f6bb,268
#783019,195
#aaaf7d,191
#7c225f,285
#4bc8e6,741
#30212d,114
#8f4d2e,184
#dea0ff,183
#ebaf00,293
#141d1b,151
#876600,123
#ec7f6a,187
#ffffe2,136
#395b14,265
#ae301f,358
#99b656,228
#091d30,158
#744822,185
#a2acbd,265
#cb428a,322
#e8ced5,232
#3d1d18,120
#273aff,594
#93b66a,222
#bc337d,371
#45008b,433
#0050ab,426
#0f2c03,153
#4b7359,195
#a47e03,211
#f1a970,178
#ff8389,132
#8f9464,171
#629100,312
#5648d3,500
#40746a,272
#545d7f,199
#ac3138,256
#eb957f,192
#3c782c,376
#826638,165
#6788ff,288
#c93da3,414
#5b2f2d,123
#dbe9a8,223
#d7ff5f,247
#07000c,160
#7bff5b,498
#a9f0e2,299
#459521,606
#635100,114
#7f4c7f,204
#b2c159,211
#fad139,314
#ae7196,189
#91723b,181
#bf8535,234
#feafda,181
#5d3e47,109
#8d854f,154
#82185f,310
#834888,239
#e4c9ff,152
#875136,165
#323c4a,164
#c8b96e,203
#e38744,226
#9d6a67,121
#f87574,172
#7771ff,274
#8231ff,557
#d945c2,436
#bd0061,320
#273b61,260
#ab6eaf,244
#2d0012,94
#2f3222,112
#4e3700,115
#da887c,190
#ff6e47,180
#5fc9ca,565
#ea7c97,231
#c4ab00,264
#d9764c,192
#c6c0fe,202
#1e1b15,141
#c6ff42,338
#819688,218
#ed59ad,319
#8c5b7c,160
#322799,545
#cdcc50,254
#003921,148
#9b442f,184
#2c647e,361
#9e9cb0,232
#94721a,225
#a9ffdc,215
#5d2b3c,130
#b2b026,314
#ad4f00,251
#955d42,158
#a33bff,452
#54350b,161
#01102c,135
#5f274b,178
#342c46,148
#9159de,366
#66fcba,565
#735377,160
#4b195d,274
#ff0066,234
#c84be4,437
#b25e68,151
#781486,467
#08315c,264
#3f1c06,121
#c0acff,183
#154e56,254
#c95e9f,257
#d3b664,225
#d6aade,271
#2a2700,61
#37216c,317
#659c7e,233
#003164,202
#8cabea,329
#b3416c,228
#ff4b60,229
#526604,202
#bbffa1,172
#879390,237
#6a4763,144
#d1ff43,362
#523d6e,189
#9fc658,270
#a4a300,234
#6a7f2f,218
#cb907b,166
#ff6f62,149
#974ca6,287
#632a1e,157
#ffcb7f,135
#723240,140
#e668ff,227
#391d26,108
#1e2826,136
#3da600,572
#a53bb7,414
#3b1d1f,115
#61cab8,496
#810000,225
#2a6a45,314
#863c2c,165
#d83e48,309
#675c5e,154
#c09669,192
#9cd679,285
#5a191c,183
#633d30,132
#787b43,149
#f94f9c,298
#ac85a3,192
#6b5777,157
#7053d9,377
#d98e01,327
#ca7e54,174
#c788cb,273
#1d413b,190
#3d3561,198
#895025,209
#003455,154
#79a894,228
#ff648f,164
#652a0d,172
#8c0067,272
#8e6300,144
#4f2381,364
#f8e381,181
#b80079,430
#de5464,237
#ff5245,221
#653d28,147
#8a4777,206
#ac80c6,266
#71a1dc,399
#dc62c7,325
#cc4c3e,225
#7e4134,155
#b687f8,250
#d18a9f,211
#8f98e5,310
#eaa5c3,237
#a67495,183
#b2ae61,184
#ff7324,284
#27a700,794
#3b8187,387
#baac61,193
#864b6f,168
#7fca76,319
#b38677,140
#c9f07f,229
#894b67,161
#ffcb75,140
#b193c2,242
#a56cc9,291
#8b7530,181
#e7d57e,218
#7e784c,145
#716a5a,162
#900058,212
#d38f57,190
#e6f4f0,201
#8d4a57,138
#005dc1,443
#595242,139
#df9a91,189
#005c6a,225
#98c3a6,231
#538400,331
#1f1d00,57
#d88884,189
#a25264,150
#e9648a,259
#ab5cf6,328
#63ad79,293
#606f5a,166
#de5938,261
#b26145,160
#7d002f,202
#b1475c,176
#006b66,256
#9a89b4,216
#5e2e1e,153
#f5e1b3,205
#3a0816,125
#724933,145
#903235,190
#9b3780,301
#ff849b,154
#b42720,435
#fddbd0,174
#775a18,184
#5dae82,322
#82783a,161
#af4b43,164
#e66c4c,213
#7b7855,149
#7785ff,228
#7a7a39,155
#80893b,181
#a67c47,187
#e3deff,130
#925b6b,135
#d5c1d0,238
#fbc4e8,193
#0083fe,401
#00b665,499
#75878c,228
#d9e3f5,238
#81645a,126
#c3305d,348
#9db46a,191
#ffd2f6,116
#3f7559,255
#eee1c6,218
#a16c27,230
#f992ff,182
#b6978c,169
#445e8f,301
#0037bf,562
#dfeb76,238
#225106,308
#4ba0ff,440
#000055,229
#dc00ce,440
#3e2d1b,129
#4f0c00,146
#525252,165
#000071,351
#d38996,198
#b0ffe6,236
#d5d0fa,204
#959600,237
#4b0d20,140
#00ff4c,706
#005aca,473
#4a271b,128
#800006,256
#ad6533,205
#313f2c,137
#dc58ea,371
#d09cbe,240
#5d604e,150
#0030d0,643
#ff5acc,245
#757b4c,151
#b47548,184
#fff384,150
#886aaa,241
#e48739,257
#5e132a,173
#ff5226,343
#ffc3c3,117
#725c00,111
#631e62,285
#8dd983,323
#ffb62c,192
#ffa13c,214
#f55c71,223
#be9672,186
#dfb079,213
#8453b6,301
#873c24,188
#00fbff,433
#9a76af,229
#374c2f,156
#a08f65,173
#00f399,547
#002214,65
#26190c,116
#00787a,277
#7e2b19,218
#c96ecf,296
#ca2d22,526
#0b2d6c,327
#6f5b46,134
#525620,149
#3c0223,114
#b8f394,239
#4f0427,153
#00ff9c,387
#a2ffe6,229
#ad7484,153
#afffd2,203
#f5943b,256
#b9cda1,218
#3f2d13,131
#c4d3ff,176
#45555a,182
#8c4d3f,147
#cb9256,193
#463a14,121
#ff00fd,261
#a3c541,312
#00a8f7,506
#b9ff81,206
#eec8f1,206
#350e15,117
#ed9845,226
#406087,302
#a25542,154
#ddff32,410
#555500,104
#ffeae7,122
#7f848c,228
#b3bbaf,259
#5c6235,139
#3d4b37,140
#0039f0,492
#73fe92,433
#e24afc,400
#9b233d,273
#a43948,195
#b6600f,288
#363a52,166
#50231b,136
#715a3e,143
#83bcff,288
#dc9d7f,196
#d7c77b,221
#8f5e5b,120
#7db986,252
#b7bf6d,188
#ae9c71,186
#44536a,195
#849a00,250
#c479a3,219
#ffb77d,140
#103721,184
#29251f,115
#ff1844,390
#e9b4f5,229
#221729,139
#ce5d8e,238
#df72ef,290
#a37a73,128
#5ef6ff,429
#e8ddff,175
#00000c,165
#e7fc78,204
#e26d67,204
#97009c,365
#6a001d,149
#d574ff,210
#52304b,143
#ff437a,300
#462881,337
#558cff,351
#003de7,542
#5c8142,219
#da0036,328
#716e04,172
#ba0071,390
#132c00,112
#687f39,199
#002942,125
#413c09,117
#832522,245
#9a3c70,225
#363022,111
#f2daff,169
#bd7135,212
#727590,204
#e7e2d9,249
#0067e1,461
#d3ff30,349
#ff4bf0,337
#f40000,387
#cfa191,181
#2c4a5e,237
#6e595f,128
#752e4f,183
#9c6f08,228
#94001c,318
#83fd73,415
#c19384,162
#78f000,544
#78009e,443
#473452,150
#90dfff,276
#772d48,166
#814123,194
#c4ff51,254
#d4afb9,209
#c35700,291
#996f31,203
#2c00a3,620
#0058d3,492
#3a2e29,104
#a399b9,226
#bfa3bd,220
#f68aad,206
#c07100,188
#9da34a,195
#284e37,221
#6f0071,340
#9679a6,209
#e04f7e,300
#89753a,163
#292b5d,256
#607f54,184
#492722,116
#006c55,279
#12000c,126
#321558,284
#6b000e,178
#fb48ad,356
#41763f,273
#82514f,118
#454837,128
#a07a7c,131
#84241a,265
#f1ffd8,120
#b379d8,301
#6b4472,187
#d071ac,251
#4d662b,201
#d2c78e,225
#ff80ad,153
#fbcab9,166
#301f3b,144
#1d2634,156
#fcc2fb,180
#d9ff52,287
#2a3969,277
#19291e,132
#596056,171
#2b007e,434
#77a982,219
#009583,420
#00001b,115
#605121,145
#8e00ac,525
#823a5b,178
#2a0d3e,190
#6c494b,111
#ba5dd3,327
#763aff,477
#fece5f,170
#c06e51,160
#8d4d37,165
#461420,138
#2c3c52,199
#dc0024,373
#8b5000,191
#00225f,236
#80412c,168
#cfa375,203
#44574a,157
#7dcfff,266
#f5ffce,120
#ff72ec,195
#d3776f,180
#e38473,200
#b6453b,202
#52351d,145
#5a5d77,176
#4f4800,99
#fb7562,167
#009adf,660
#404a2f,128
#9d61a2,239
#ffb654,149
#d595d9,279
#f7794f,188
#3e4946,158
#de7500,266
#446645,191
#dd4bff,333
#af88ff,188
#31ff02,735
#c99084,167
#001418,131
#00fdfd,513
#2d2326,109
#6e475b,125
#8b9388,229
#9671d2,295
#654c4b,124
#6a7d54,165
#dcb500,286
#33547a,300
#b84dab,312
#670032,169
#ffd3ff,126
#ee84ec,261
#9fdcff,242
#ff20c7,383
#e76cef,300
#363f1c,131
#7b3f5b,153
#1f4407,237
#a28b91,166
#17008e,503
#b5eaff,173
#f4a95c,182
#5627ff,705
#143800,152
#fa7ee3,259
#fff36e,169
#9d7b84,136
#a79b9e,218
#4d2700,127
#ff6e31,249
#491e55,231
#ff84a4,159
#843d34,150
#121c29,152
#c68136,225
#e1c471,225
#984800,217
#ffefca,151
#4d4637,124
#d5ff6c,221
#86ee00,528
#636100,105
#ffb499,147
#a4a5eb,285
#c098fd,220
#4e516a,170
#6b4c33,142
#ffefc1,143
#e3b200,289
#332126,111
#1f081f,123
#00a398,464
#a2fff9,263
#8278d2,295
#ff4383,309
#8c956d,175
#db77e6,305
#441f5d,248
#fec9af,160
#8f5b73,144
#467362,227
#d5adcb,242
#181000,97
#ffb65e,131
#5f9c87,260
#bd8089,160
#9ee5a4,310
#437800,360
#965774,161
#b4b000,234
#ffb1ac,126
#d2642c,276
#7f2b04,194
#93002b,276
#852400,155
#dacff1,228
#c27d92,187
#6f3631,142
#a680cf,278
#ffebfa,143
#3a1a34,139
#a06c32,208
#78005b,200
#5d5300,102
#382e30,109
#6e3901,163
#cfd7cb,267
#6c00e8,512
#d86f92,238
#ffefb7,127
#3f5a29,196
#b06400,195
#a7d479,254
#b082ab,223
#ffe238,297
#80ac00,272
#9698dc,298
#ff97b1,127
#b6ffdc,224
#ffd8d9,148
#4f4256,134
#ffc6c2,149
#fa8d80,166
#052b25,119
#a08d7f,175
#005056,199
#88f2ff,258
#00364d,126
#fe5360,208
#510319,144
#c57c89,179
#42001d,82
#4d3634,110
#1f0133,160
#834001,193
#f4ffff,145
#384e00,133
#00c800,1058
#ffaad1,123
#d07d00,205
#81411a,218
#57505a,147
#735a35,153
#ffdf55,154
#fff379,153
#2f1315,119
#90705e,138
#786941,142
#ff4594,305
#480058,189
#716c40,137
#00588a,275
#f9fff5,150
#fff355,190
#6de4ff,422
#ee00e5,441
#8ba7ff,206
#343f24,124
#e5ea53,309
#ffcb6b,132
#4b444e,145
#7571aa,226
#300000,108
#001dc2,758
#2f4f00,152
#40010e,126
#bfcd8e,198
#824f67,139
#bf0059,305
#715857,121
#4f352d,118
#8f937f,218
#ffc4d5,157
#feba53,174
#aafff0,257
#00cedc,569
#3c1249,220
#f79064,170
#f8a395,176
#442a1b,131
#3f0116,117
#7f0019,231
#b1bd9d,220
#625e56,165
#3f264e,168
#abc177,199
#9a537c,193
#59413f,115
#ff5fb2,200
#6942ff,441
#737b55,155
#e7986d,194
#d0616c,188
#650039,191
#640040,202
#2b2518,115
#0034c8,615
#fa75ff,175
#0050ed,479
#1c2917,134
#6c3640,123
#6d5d2c,143
#ff97ba,137
#341e34,131
#43152d,144
#522300,123
#341200,76
#fbffd8,118
#7383af,249
#8fb856,251
#006f00,389
#c667f3,300
#970eff,392
#7f6daa,227
#cbcc5b,228
#163719,198
#220719,111
#ff8b51,153
#342e38,124
#ff8b3c,201
#9990ff,193
#00939d,453
#00a84f,464
#6abb8f,315
#9bc9ff,205
#690024,150
#000671,335
#c33fff,373
#d5fdb6,212
#3b009b,478
#624000,143
#b6601e,260
#3d163b,177
#45826e,284
#abb300,223
#757966,190
#cd7b66,169
#806273,132
#e4b8ec,235
#682526,162
#a02100,265
#f47a62,175
#b300e2,588
#ffd8d0,128
#00c397,445
#ff98c3,156
#ae4acd,377
#b45d5f,139
#ffeaf1,132
#8a501a,230
#da73f8,267
#9b5c00,186
#85644a,148
#495362,178
#ff6f6b,147
#935d4a,145
#af9cff,182
#ff77da,192
#c75235,222
#b24654,177
#80fff9,332
#a3006c,322
#009494,378
#00ff7d,435
#df714c,203
#973c78,245
#ffffc4,109
#55f300,658
#ff2ead,353
#bd6e63,148
#00373e,128
#b30099,358
#21361a,170
#8dccff,234
#006d44,278
#ff4df9,375
#373c43,144
#ff9e83,133
#9944ff,365
#34004c,150
#ff43ff,407
#00549b,354
#a7ffc9,182
#a59f71,179
#9b0094,323
#88615b,118
#44000e,86
#c0a96b,210
#ff6eff,183
#008dd1,478
#848295,211
#ff4a4f,229
#543500,132
#ff523c,250
#ff4a46,228
#ff8877,130
#4da400,418
#d85b64,214
#967200,123
#00d56a,628
#491307,146
#3a2f08,110
#b06fff,204
#86487f,219
#002d0f,121
#1b1b1b,156
#e9fd00,259
#006bcf,413
#ffedde,149
#b19a83,184
#dc001b,435
#160000,118
#6a3747,127
#a36b00,156
#98823c,185
#53d4ff,424
#c0c0ff,149
#220040,131
#262710,105
#3f3752,153
#ac00a9,452
#fbffba,122
#ff78e3,211
#743138,142
#280600,101
#ff8cfa,171
#483a00,98
#ffdda9,157
#fea53b,231
#63263c,152
#9a2a00,189
#98a4ff,185
#72006a,279
#001b76,324
#a7ecff,202
#214400,168
#ff6975,154
#e35342,262
#8aaa00,246
#382c3f,128
#d47389,211
#ffb0a3,117
#a7005c,266
#e4c600,298
#d1a36c,209
#441806,130
#796b00,99
#372018,115
#93ec00,516
#f2fb00,332
#ffe08c,154
#b6ff8c,198
#551f1c,156
#5f5c6f,167
#ffecd4,129
#9fa167,170
#757c24,212
#829499,246
#303030,121
#dc3c00,301
#8d94ff,201
#6c0002,186
#d5b9ff,139
#3d0030,117
#009a2d,566
#8affef,284
#006212,321
#4e5632,133
#432b22,118
#009dcd,511
#0069d8,460
#ff5ea9,179
#cdff8d,194
#8d6e80,140
#004e65,197
#fffff5,141
#aa004d,229
#ffe100,273
#fff362,178
#ffdf77,145
#22191c,142
#003837,108
#ff3994,303
#00886d,392
#512031,138
#bdff2e,299
#ba7400,172
#007c47,320
#fff1ad,154
#00bce0,572
#92fff9,265
#005326,268
#ff8b5b,144
#003790,276
#312318,113
#00462b,155
#b984ff,201
#430060,231
#7f5700,145
#c49196,174
#ffb669,126
#00a762,464
#002a33,135
#00a900,758
#eefff5,139
#002f6c,227
#001b3d,156
#020022,108
#caff11,284
#ff94cc,131
#7f0020,218
#e0bfb4,216
#390d00,88
#fb7800,178
#ff5232,287
#270025,112
#82008e,305
#a1ffd2,200
#ccbb00,255
#f1eeff,146
#c2ff5e,211
#ff8b47,169
#ce90ff,173
#1a0047,177
#ff59c3,220
#6d1a44,229
#00f2b6,528
#ff8752,129
#00d39b,495
#ffcb60,141
#803673,244
#80e1ff,324
#2c0019,91
#000096,474
#540200,176
#dcf4ff,164
#0091ae,416
#6b72ff,252
#aa3700,175
#000400,127
#545608,149
#ff7bbf,154
#f8ffc4,117
#463834,110
#ffa12e,236
#005e52,221
#156000,302
#0063a8,331
#404c00,113
#ffa4ff,138
#000021,90
#423c00,89
#070028,118
#ff696c,136
#ff006e,256
#f34200,200
#877700,112
#002b7b,273
#eec6ff,159
#d554ff,264
#590000,139
#caff6b,209
#e78600,233
#c1004a,266
#d0f7ff,190
#ffb63b,209
#c40032,294
#273500,95
#795557,114
#3d5b00,139
#232900,68
#2c0025,76
#ffaec8,145
#00c81b,1075
#ff4b69,228
#ff2a00,229
#f93800,243
#9164ff,204
#ffffa6,123
#0065ea,440
#6d00b7,434
#cba8ff,179
#00697e,267
#da003e,324
#008a4a,366
#3df9ff,477
#683a38,124
#c6000e,428
#210039,163
#003e70,199
#ffc0df,131
#00c585,424
#a100cb,452
#003d78,218
#ffa400,176
#f097ff,187
#ff65a0,186
#005400,209
#b4c3ff,159
#796eff,210
#bd00d1,440
#3af500,696
#001611,99
#ff94d6,162
#e086ff,177
#99efff,224
#cb2c00,371
#ffdd96,135
#00b581,399
#006fbe,361
#41191f,121
#adffbf,181
#ffbeff,144
#aaffab,188
#7b5077,174
#5a76ff,313
#c00051,281
#711e00,114
#006103,323
#006100,270
#ffca48,152
#ff8dff,174
#acd9ff,215
#9c5eff,207
#ffa11d,211
#ffbdf1,130
#bbff41,371
#060000,126
#ce0096,366
#6a7000,114
#d800d7,453
#510035,152
#ffb369,95
#c5ff82,192
#fcebff,131
#420000,105
#ffc3cc,131
#dacdff,161
#ffb37d,111
#465a00,126
#00d488,494
#cc5cff,232
#dc000f,513
#b37800,155
#3e006f,225
#ffca2a,177
#ee8200,216
#9d6f00,139
#ff71e3,169
#6bb000,350
#5f005d,214
#a700c3,416
#5b0065,250
#467aff,384
#00e39f,550
#2c0100,105
#000a47,172
#ff876e,132
#270062,238
#31a1ff,360
#907dff,195
#66a000,309
#041500,107
#00abe5,530
#ffdc82,108
#ff491b,261
#b000a1,382
#4f9eff,328
#281800,87
#001132,96
#006131,246
#002393,318
#a758ff,223
#a4fa00,270
#00ecf9,455
#9ab700,245
#893c00,131
#ffca3a,192
#007693,304
#a43d00,160
#a8c6ff,177
#fffeec,119
#000c40,127
#00335c,181
#0060fc,314
#c4002a,301
#ba4400,194
#bfff0e,267
#e981ff,173
#416900,180
#006dc7,381
#ffcb55,141
#8394ff,153
#00efdc,565
#ffe8ff,112
#631000,128
#00532e,205
#680400,154
#00d2ae,496
#ff9d67,109
#300019,65
#ffffce,103
#000115,121
#00c2aa,488
#3c2f00,85
#8f7500,113
#ff875b,126
#fbbc00,170
#f2adff,134
#155200,239
#ffc875,94
#f200dc,399
#00d9ff,372
#ff6a7d,166
#003988,249
#620056,189
#003a11,162
#3b1f00,86
#00f600,698
#00e2b2,562
#7d00ff,272
#fba9ff,120
#0041ff,434
#ba49ff,273
#003498,295
#006e33,279
#b9ff51,274
#ffd5e3,128
#d8e1ff,137
#00453b,144
#410023,89
#550020,108
#003b80,228
#c50022,329
#430016,84
#003928,111
#00994d,432
#fffcff,102
#002b2c,100
#00c9ff,328
#ff8381,114
#4c0051,162
#29002c,100
#8f3700,135
#faffff,103
#ffdf48,184
#d78bff,176
#008590,326
#2f001f,67
#ac7b00,152
#001386,352
#ffc0d5,106
#76ae00,309
#ffb386,129
#000300,116
#ff8648,136
#002983,288
#00b493,386
#b60091,333
#ffc893,134
#ffbaff,107
#ff6e25,247
#005412,273
#5c6400,109
#00209b,382
#ffbefb,142
#580009,124
#00e56d,642
#7a0053,181
#ff52d5,248
#65004e,166
#612e00,92
#0043a6,318
#e08a00,245
#0099f1,414
#5500a9,422
#13001c,100
#74ffff,391
#d77900,229
#ffb648,167
#090056,179
#00b66f,421
#b2ff96,195
#56001a,106
#00e74a,809
#ffdf39,223
#4b6700,146
#000e8e,430
#ff41f9,353
#c3003a,287
#ff4169,256
#ffb099,111
#ff9e71,115
#e90093,403
#005982,248
#ffff7b,100
#c1e7ff,156
#ffd3ff,103
#fff500,244
#00e0c5,572
#e3fff5,134
#150fff,337
#ff90df,150
#ad0037,232
#4d0083,306
#00ff59,524
#0074f8,324
#570013,110
#8669ff,198
#ff493c,245
#00a4ff,307
#005d62,193
#c4be00,251
#ff6cf5,181
#00e48b,516
#001a4c,132
#001700,80
#3d00c2,686
#ab0046,223
#b6ff5e,229
#bbc000,246
#ffffb0,92
#9fffbf,197
#743500,109
#ff88ff,141
#eb008b,427
#ffdaaa,119
#aeffa1,188
#ff4932,284
#e4ffff,119
#efffff,107
#6c2400,95
#950041,195
#00d800,1110
#002b3b,99
#fffee2,96
#53007c,257
#dfb5ff,140
#1c2a00,87
#000e39,108
#5fb200,413
#0000fc,340
#7a3000,109
#940049,196
#002d25,85
#c03e00,215
#2f1500,68
#0e0022,108
#0035f9,431
#ffb373,102
#ff4928,346
#8b00bd,432
#ffecca,111
#0032a1,316
#009fc5,448
#ff8cf1,158
#110000,115
#003a19,135
#7498ff,188
#ffc87f,105
#c60019,377
#302500,69
#190000,93
#001805,73
#002122,61
#ffa000,148
#191e00,69
#fffcff,88
#806800,105
#ff6963,123
#ffadbe,124
#00a2aa,422
#9c8dff,134
#eddaff,121
#ac003e,224
#6d0081,265
#062100,78
#649bff,237
#ff685a,123
#f600d4,333
#ff8fd6,118
#006697,257
#00f66f,439
#ffff86,104
#943100,149
#fff184,111
#00268b,298
#92ffd2,224
#ffe7fb,105
#c98100,193
#b284ff,145
#7c004c,174
#000079,288
#860086,279
#ffff91,112
#002fa9,342
#ff9d5d,106
#ffff6f,150
#6d0000,143
#670047,148
#d64400,266
#004aff,300
#b051ff,236
#c67bff,150
#ff1dbf,313
#b2c300,270
#ff76d1,170
#d1008e,370
#ff58bb,189
#fff337,260
#536600,122
#5c00d1,526
#00a92e,651
#ff6486,152
#90b900,295
#edffe1,124
#00c7ff,302
#ff00a0,218
#a57e00,144
#7600df,493
#e8ffeb,123
#ffa7e3,117
#f7d7ff,115
#716d00,101
#ff388b,274
#122000,83
#ff93c3,124
#ff8378,105
#ffa4ff,112
#dcc900,301
#006f12,372
#ff863d,160
#b4ff6a,227
#ffff86,125
#5d1800,97
#ff7ab6,137
#00132c,90
#ffffa6,85
#00b751,511
#c60000,403
#ffff7b,126
#007d35,322
#ff4806,206
#ed4b00,221
#9e008c,312
#2a1800,62
#ff4ae7,295
#ff5ea0,155
#c38400,187
#ff9a96,115
#004795,257
#ff7300,153
#0021ea,801
#4864ff,344
#251b00,56
#ff1400,229
#5b3100,103
#390045,130
#d4cb00,302
#ffadb5,104
#00dcf4,467
#9091ff,140
#007e00,480
#e962ff,173
#00a67d,373
#00a58f,395
#002300,74
#662900,96
#b90089,330
#ff8631,218
#460000,84
#006a76,224
#00f48f,383
#002e00,93
#581e00,92
#ffb618,177
#627200,139
#c100c8,420
#006cff,289
#002300,62
#ffd8c7,103
#cf75ff,148
#ff97a8,108
#00444a,129
#ff9a8d,105
#00b0c0,458
#ff7f9b,124
#002e17,92
#e169ff,157
#807a00,123
#001c45,116
#29c5ff,372
